display_symbol,provider_symbol,name,exchange,currency,asset_type,is_bist,is_active,source,source_date
A1YEN,A1YEN.IS,A1 YENİLENEBİLİR ENERJİ ÜRETİM A.Ş.,XIST,TRY,equity,true,true,https://www.kap.org.tr/tr/bist-sirketler,2026-07-03
AAGYO,AAGYO.IS,AĞAOĞLU AVRASYA GAYRİMENKUL YATIRIM ORTAKLIĞI A.Ş.,XIST,TRY,equity,true,true,https://www.kap.org.tr/tr/bist-sirketler,2026-07-03
ACSEL,ACSEL.IS,ACISELSAN ACIPAYAM SELÜLOZ SANAYİ VE TİCARET A.Ş.,XIST,TRY,equity,true,true,https://www.kap.org.tr/tr/bist-sirketler,2026-07-03
ADEL,ADEL.IS,ADEL KALEMCİLİK TİCARET VE SANAYİ A.Ş.,XIST,TRY,equity,true,true,https://www.kap.org.tr/tr/bist-sirketler,2026-07-03
ADESE,ADESE.IS,ADESE GAYRİMENKUL YATIRIM A.Ş.,XIST,TRY,equity,true,true,https://www.kap.org.tr/tr/bist-sirketler,2026-07-03
ADGYO,ADGYO.IS,ADRA GAYRİMENKUL YATIRIM ORTAKLIĞI A.Ş.,XIST,TRY,equity,true,true,https://www.kap.org.tr/tr/bist-sirketler,2026-07-03
ADLVY,ADLVY.IS,ADİL VARLIK YÖNETİM A.Ş.,XIST,TRY,equity,true,true,https://www.kap.org.tr/tr/bist-sirketler,2026-07-03
AEFES,AEFES.IS,ANADOLU EFES BİRACILIK VE MALT SANAYİİ A.Ş.,XIST,TRY,equity,true,true,https://www.kap.org.tr/tr/bist-sirketler,2026-07-03
AFYON,AFYON.IS,AFYON ÇİMENTO SANAYİ T.A.Ş.,XIST,TRY,equity,true,true,https://www.kap.org.tr/tr/bist-sirketler,2026-07-03
AGESA,AGESA.IS,AGESA HAYAT VE EMEKLİLİK A.Ş.,XIST,TRY,equity,true,true,https://www.kap.org.tr/tr/bist-sirketler,2026-07-03
AGHOL,AGHOL.IS,AG ANADOLU GRUBU HOLDİNG A.Ş.,XIST,TRY,equity,true,true,https://www.kap.org.tr/tr/bist-sirketler,2026-07-03
AGROT,AGROT.IS,AGROTECH YÜKSEK TEKNOLOJİ VE YATIRIM A.Ş.,XIST,TRY,equity,true,true,https://www.kap.org.tr/tr/bist-sirketler,2026-07-03
AGYO,AGYO.IS,ATAKULE GAYRİMENKUL YATIRIM ORTAKLIĞI A.Ş.,XIST,TRY,equity,true,true,https://www.kap.org.tr/tr/bist-sirketler,2026-07-03
AHGAZ,AHGAZ.IS,AHLATCI DOĞAL GAZ DAĞITIM ENERJİ VE YATIRIM A.Ş.,XIST,TRY,equity,true,true,https://www.kap.org.tr/tr/bist-sirketler,2026-07-03
AHSGY,AHSGY.IS,AHES GAYRİMENKUL YATIRIM ORTAKLIĞI A.Ş.,XIST,TRY,equity,true,true,https://www.kap.org.tr/tr/bist-sirketler,2026-07-03
AKBNK,AKBNK.IS,AKBANK T.A.Ş.,XIST,TRY,equity,true,true,https://www.kap.org.tr/tr/bist-sirketler,2026-07-03
AKCNS,AKCNS.IS,AKÇANSA ÇİMENTO SANAYİ VE TİCARET A.Ş.,XIST,TRY,equity,true,true,https://www.kap.org.tr/tr/bist-sirketler,2026-07-03
AKCVR,AKCVR.IS,AKADEMİ ÇEVRE ENTEGRE ATIK YÖNETİMİ ENDÜSTRİ A.Ş.,XIST,TRY,equity,true,true,https://www.kap.org.tr/tr/bist-sirketler,2026-07-03
AKDFA,AKDFA.IS,AKDENİZ FAKTORİNG A.Ş.,XIST,TRY,equity,true,true,https://www.kap.org.tr/tr/bist-sirketler,2026-07-03
AKENR,AKENR.IS,AKENERJİ ELEKTRİK ÜRETİM A.Ş.,XIST,TRY,equity,true,true,https://www.kap.org.tr/tr/bist-sirketler,2026-07-03
AKFGY,AKFGY.IS,AKFEN GAYRİMENKUL YATIRIM ORTAKLIĞI A.Ş.,XIST,TRY,equity,true,true,https://www.kap.org.tr/tr/bist-sirketler,2026-07-03
AKFIS,AKFIS.IS,AKFEN İNŞAAT TURİZM VE TİCARET A.Ş.,XIST,TRY,equity,true,true,https://www.kap.org.tr/tr/bist-sirketler,2026-07-03
AKFK,AKFK.IS,AK FİNANSAL KİRALAMA A.Ş.,XIST,TRY,equity,true,true,https://www.kap.org.tr/tr/bist-sirketler,2026-07-03
AKFYE,AKFYE.IS,AKFEN YENİLENEBİLİR ENERJİ A.Ş.,XIST,TRY,equity,true,true,https://www.kap.org.tr/tr/bist-sirketler,2026-07-03
AKGRT,AKGRT.IS,AKSİGORTA A.Ş.,XIST,TRY,equity,true,true,https://www.kap.org.tr/tr/bist-sirketler,2026-07-03
AKHAN,AKHAN.IS,AKHAN UN FABRİKASI VE TARIM ÜRÜNLERİ GIDA SANAYİ TİCARET A.Ş.,XIST,TRY,equity,true,true,https://www.kap.org.tr/tr/bist-sirketler,2026-07-03
AKMEN,AKMEN.IS,AK YATIRIM MENKUL DEĞERLER A.Ş.,XIST,TRY,equity,true,true,https://www.kap.org.tr/tr/bist-sirketler,2026-07-03
AKMGY,AKMGY.IS,AKMERKEZ GAYRİMENKUL YATIRIM ORTAKLIĞI A.Ş.,XIST,TRY,equity,true,true,https://www.kap.org.tr/tr/bist-sirketler,2026-07-03
AKSA,AKSA.IS,AKSA AKRİLİK KİMYA SANAYİİ A.Ş.,XIST,TRY,equity,true,true,https://www.kap.org.tr/tr/bist-sirketler,2026-07-03
AKSEN,AKSEN.IS,AKSA ENERJİ ÜRETİM A.Ş.,XIST,TRY,equity,true,true,https://www.kap.org.tr/tr/bist-sirketler,2026-07-03
AKSFA,AKSFA.IS,AK FAKTORİNG A.Ş.,XIST,TRY,equity,true,true,https://www.kap.org.tr/tr/bist-sirketler,2026-07-03
AKSGY,AKSGY.IS,AKİŞ GAYRİMENKUL YATIRIM ORTAKLIĞI A.Ş.,XIST,TRY,equity,true,true,https://www.kap.org.tr/tr/bist-sirketler,2026-07-03
AKSUE,AKSUE.IS,AKSU ENERJİ VE TİCARET A.Ş.,XIST,TRY,equity,true,true,https://www.kap.org.tr/tr/bist-sirketler,2026-07-03
AKTIF,AKTIF.IS,AKTİF YATIRIM BANKASI A.Ş.,XIST,TRY,equity,true,true,https://www.kap.org.tr/tr/bist-sirketler,2026-07-03
AKTVK,AKTVK.IS,AKTİF BANK SUKUK VARLIK KİRALAMA A.Ş.,XIST,TRY,equity,true,true,https://www.kap.org.tr/tr/bist-sirketler,2026-07-03
AKYHO,AKYHO.IS,AKDENİZ YATIRIM HOLDİNG A.Ş.,XIST,TRY,equity,true,true,https://www.kap.org.tr/tr/bist-sirketler,2026-07-03
ALARK,ALARK.IS,ALARKO HOLDİNG A.Ş.,XIST,TRY,equity,true,true,https://www.kap.org.tr/tr/bist-sirketler,2026-07-03
ALCAR,ALCAR.IS,ALARKO CARRIER SANAYİ VE TİCARET A.Ş.,XIST,TRY,equity,true,true,https://www.kap.org.tr/tr/bist-sirketler,2026-07-03
ALCTL,ALCTL.IS,ALCATEL LUCENT TELETAŞ TELEKOMÜNİKASYON A.Ş.,XIST,TRY,equity,true,true,https://www.kap.org.tr/tr/bist-sirketler,2026-07-03
ALFAS,ALFAS.IS,ALFA SOLAR ENERJİ SANAYİ VE TİCARET A.Ş.,XIST,TRY,equity,true,true,https://www.kap.org.tr/tr/bist-sirketler,2026-07-03
ALGYO,ALGYO.IS,ALARKO GAYRİMENKUL YATIRIM ORTAKLIĞI A.Ş.,XIST,TRY,equity,true,true,https://www.kap.org.tr/tr/bist-sirketler,2026-07-03
ALJF,ALJF.IS,ALJ FİNANSMAN A.Ş.,XIST,TRY,equity,true,true,https://www.kap.org.tr/tr/bist-sirketler,2026-07-03
ALKA,ALKA.IS,ALKİM KAĞIT SANAYİ VE TİCARET A.Ş.,XIST,TRY,equity,true,true,https://www.kap.org.tr/tr/bist-sirketler,2026-07-03
ALKIM,ALKIM.IS,ALKİM ALKALİ KİMYA A.Ş.,XIST,TRY,equity,true,true,https://www.kap.org.tr/tr/bist-sirketler,2026-07-03
ALKLC,ALKLC.IS,ALTINKILIÇ GIDA VE SÜT SANAYİ TİCARET A.Ş.,XIST,TRY,equity,true,true,https://www.kap.org.tr/tr/bist-sirketler,2026-07-03
ALTNY,ALTNY.IS,ALTINAY SAVUNMA TEKNOLOJİLERİ A.Ş.,XIST,TRY,equity,true,true,https://www.kap.org.tr/tr/bist-sirketler,2026-07-03
ALVES,ALVES.IS,ALVES KABLO SANAYİ VE TİCARET A.Ş.,XIST,TRY,equity,true,true,https://www.kap.org.tr/tr/bist-sirketler,2026-07-03
ANELE,ANELE.IS,ANEL ELEKTRİK PROJE TAAHHÜT VE TİCARET A.Ş.,XIST,TRY,equity,true,true,https://www.kap.org.tr/tr/bist-sirketler,2026-07-03
ANGEN,ANGEN.IS,ANATOLİA TANI VE BİYOTEKNOLOJİ ÜRÜNLERİ ARAŞTIRMA GELİŞTİRME SANAYİ VE TİCARET A.Ş.,XIST,TRY,equity,true,true,https://www.kap.org.tr/tr/bist-sirketler,2026-07-03
ANHYT,ANHYT.IS,ANADOLU HAYAT EMEKLİLİK A.Ş.,XIST,TRY,equity,true,true,https://www.kap.org.tr/tr/bist-sirketler,2026-07-03
ANSGR,ANSGR.IS,ANADOLU ANONİM TÜRK SİGORTA ŞİRKETİ,XIST,TRY,equity,true,true,https://www.kap.org.tr/tr/bist-sirketler,2026-07-03
ARASE,ARASE.IS,DOĞU ARAS ENERJİ YATIRIMLARI A.Ş.,XIST,TRY,equity,true,true,https://www.kap.org.tr/tr/bist-sirketler,2026-07-03
ARCLK,ARCLK.IS,ARÇELİK A.Ş.,XIST,TRY,equity,true,true,https://www.kap.org.tr/tr/bist-sirketler,2026-07-03
ARDYZ,ARDYZ.IS,ARD GRUP BİLİŞİM TEKNOLOJİLERİ A.Ş.,XIST,TRY,equity,true,true,https://www.kap.org.tr/tr/bist-sirketler,2026-07-03
ARENA,ARENA.IS,ARENA BİLGİSAYAR SANAYİ VE TİCARET A.Ş.,XIST,TRY,equity,true,true,https://www.kap.org.tr/tr/bist-sirketler,2026-07-03
ARFYE,ARFYE.IS,ARF BİO YENİLENEBİLİR ENERJİ ÜRETİM A.Ş.,XIST,TRY,equity,true,true,https://www.kap.org.tr/tr/bist-sirketler,2026-07-03
ARMGD,ARMGD.IS,ARMADA GIDA TİCARET SANAYİ A.Ş.,XIST,TRY,equity,true,true,https://www.kap.org.tr/tr/bist-sirketler,2026-07-03
ARSAN,ARSAN.IS,ARSAN HOLDİNG A.Ş.,XIST,TRY,equity,true,true,https://www.kap.org.tr/tr/bist-sirketler,2026-07-03
ARSVY,ARSVY.IS,ARSAN VARLIK YÖNETİM A.Ş.,XIST,TRY,equity,true,true,https://www.kap.org.tr/tr/bist-sirketler,2026-07-03
ARTMS,ARTMS.IS,ARTEMİS HALI A.Ş.,XIST,TRY,equity,true,true,https://www.kap.org.tr/tr/bist-sirketler,2026-07-03
ARZUM,ARZUM.IS,ARZUM ELEKTRİKLİ EV ALETLERİ SANAYİ VE TİCARET A.Ş.,XIST,TRY,equity,true,true,https://www.kap.org.tr/tr/bist-sirketler,2026-07-03
ASELS,ASELS.IS,ASELSAN ELEKTRONİK SANAYİ VE TİCARET A.Ş.,XIST,TRY,equity,true,true,https://www.kap.org.tr/tr/bist-sirketler,2026-07-03
ASGYO,ASGYO.IS,ASCE GAYRİMENKUL YATIRIM ORTAKLIĞI A.Ş.,XIST,TRY,equity,true,true,https://www.kap.org.tr/tr/bist-sirketler,2026-07-03
ASTOR,ASTOR.IS,ASTOR ENERJİ A.Ş.,XIST,TRY,equity,true,true,https://www.kap.org.tr/tr/bist-sirketler,2026-07-03
ASUZU,ASUZU.IS,ANADOLU ISUZU OTOMOTİV SANAYİ VE TİCARET A.Ş.,XIST,TRY,equity,true,true,https://www.kap.org.tr/tr/bist-sirketler,2026-07-03
ATAGY,ATAGY.IS,ATA GAYRİMENKUL YATIRIM ORTAKLIĞI A.Ş.,XIST,TRY,equity,true,true,https://www.kap.org.tr/tr/bist-sirketler,2026-07-03
ATAKP,ATAKP.IS,ATAKEY PATATES GIDA SANAYİ VE TİCARET A.Ş.,XIST,TRY,equity,true,true,https://www.kap.org.tr/tr/bist-sirketler,2026-07-03
ATATP,ATATP.IS,ATP YAZILIM VE TEKNOLOJİ A.Ş.,XIST,TRY,equity,true,true,https://www.kap.org.tr/tr/bist-sirketler,2026-07-03
ATATR,ATATR.IS,ATA TURİZM İŞLETMECİLİK TAŞIMACILIK MADENCİLİK KUYUMCULUK SANAYİ VE DIŞ TİCARET A.Ş.,XIST,TRY,equity,true,true,https://www.kap.org.tr/tr/bist-sirketler,2026-07-03
ATAVK,ATAVK.IS,ATA VARLIK KİRALAMA A.Ş.,XIST,TRY,equity,true,true,https://www.kap.org.tr/tr/bist-sirketler,2026-07-03
ATAYM,ATAYM.IS,ATA YATIRIM MENKUL KIYMETLER A.Ş.,XIST,TRY,equity,true,true,https://www.kap.org.tr/tr/bist-sirketler,2026-07-03
ATEKS,ATEKS.IS,AKIN TEKSTİL A.Ş.,XIST,TRY,equity,true,true,https://www.kap.org.tr/tr/bist-sirketler,2026-07-03
ATLAS,ATLAS.IS,ATLAS MENKUL KIYMETLER YATIRIM ORTAKLIĞI A.Ş.,XIST,TRY,equity,true,true,https://www.kap.org.tr/tr/bist-sirketler,2026-07-03
ATLFA,ATLFA.IS,ATILIM FAKTORİNG A.Ş.,XIST,TRY,equity,true,true,https://www.kap.org.tr/tr/bist-sirketler,2026-07-03
ATSYH,ATSYH.IS,ATLANTİS YATIRIM HOLDİNG A.Ş.,XIST,TRY,equity,true,true,https://www.kap.org.tr/tr/bist-sirketler,2026-07-03
AVGYO,AVGYO.IS,AVRASYA GAYRİMENKUL YATIRIM ORTAKLIĞI A.Ş.,XIST,TRY,equity,true,true,https://www.kap.org.tr/tr/bist-sirketler,2026-07-03
AVHOL,AVHOL.IS,AVRUPA YATIRIM HOLDİNG A.Ş.,XIST,TRY,equity,true,true,https://www.kap.org.tr/tr/bist-sirketler,2026-07-03
AVOD,AVOD.IS,A.V.O.D. KURUTULMUŞ GIDA VE TARIM ÜRÜNLERİ SANAYİ TİCARET A.Ş.,XIST,TRY,equity,true,true,https://www.kap.org.tr/tr/bist-sirketler,2026-07-03
AVPGY,AVPGY.IS,AVRUPAKENT GAYRİMENKUL YATIRIM ORTAKLIĞI A.Ş.,XIST,TRY,equity,true,true,https://www.kap.org.tr/tr/bist-sirketler,2026-07-03
AVTUR,AVTUR.IS,AVRASYA PETROL VE TURİSTİK TESİSLER YATIRIMLAR A.Ş.,XIST,TRY,equity,true,true,https://www.kap.org.tr/tr/bist-sirketler,2026-07-03
AYCES,AYCES.IS,ALTIN YUNUS ÇEŞME TURİSTİK TESİSLER A.Ş.,XIST,TRY,equity,true,true,https://www.kap.org.tr/tr/bist-sirketler,2026-07-03
AYDEM,AYDEM.IS,AYDEM YENİLENEBİLİR ENERJİ A.Ş.,XIST,TRY,equity,true,true,https://www.kap.org.tr/tr/bist-sirketler,2026-07-03
AYEN,AYEN.IS,AYEN ENERJİ A.Ş.,XIST,TRY,equity,true,true,https://www.kap.org.tr/tr/bist-sirketler,2026-07-03
AYES,AYES.IS,AYES ÇELİK HASIR VE ÇİT SANAYİ A.Ş.,XIST,TRY,equity,true,true,https://www.kap.org.tr/tr/bist-sirketler,2026-07-03
AYGAZ,AYGAZ.IS,AYGAZ A.Ş.,XIST,TRY,equity,true,true,https://www.kap.org.tr/tr/bist-sirketler,2026-07-03
AZTEK,AZTEK.IS,AZTEK TEKNOLOJİ ÜRÜNLERİ TİCARET A.Ş.,XIST,TRY,equity,true,true,https://www.kap.org.tr/tr/bist-sirketler,2026-07-03
BAGFS,BAGFS.IS,BAGFAŞ BANDIRMA GÜBRE FABRİKALARI A.Ş.,XIST,TRY,equity,true,true,https://www.kap.org.tr/tr/bist-sirketler,2026-07-03
BAHKM,BAHKM.IS,BAHADIR KİMYA SANAYİ VE TİCARET A.Ş.,XIST,TRY,equity,true,true,https://www.kap.org.tr/tr/bist-sirketler,2026-07-03
BAKAB,BAKAB.IS,BAK AMBALAJ SANAYİ VE TİCARET A.Ş.,XIST,TRY,equity,true,true,https://www.kap.org.tr/tr/bist-sirketler,2026-07-03
BALAT,BALAT.IS,BALATACILAR BALATACILIK SANAYİ VE TİCARET A.Ş.,XIST,TRY,equity,true,true,https://www.kap.org.tr/tr/bist-sirketler,2026-07-03
BALSU,BALSU.IS,BALSU GIDA SANAYİ VE TİCARET A.Ş.,XIST,TRY,equity,true,true,https://www.kap.org.tr/tr/bist-sirketler,2026-07-03
BANVT,BANVT.IS,BANVİT BANDIRMA VİTAMİNLİ YEM SANAYİ A.Ş.,XIST,TRY,equity,true,true,https://www.kap.org.tr/tr/bist-sirketler,2026-07-03
BARMA,BARMA.IS,BAREM AMBALAJ SANAYİ VE TİCARET A.Ş.,XIST,TRY,equity,true,true,https://www.kap.org.tr/tr/bist-sirketler,2026-07-03
BASCM,BASCM.IS,BAŞTAŞ BAŞKENT ÇİMENTO SANAYİ VE TİCARET A.Ş.,XIST,TRY,equity,true,true,https://www.kap.org.tr/tr/bist-sirketler,2026-07-03
BASGZ,BASGZ.IS,BAŞKENT DOĞALGAZ DAĞITIM GAYRİMENKUL YATIRIM ORTAKLIĞI A.Ş.,XIST,TRY,equity,true,true,https://www.kap.org.tr/tr/bist-sirketler,2026-07-03
BAYRK,BAYRK.IS,BAYRAK EBT TABAN SANAYİ VE TİCARET A.Ş.,XIST,TRY,equity,true,true,https://www.kap.org.tr/tr/bist-sirketler,2026-07-03
BEGYO,BEGYO.IS,BATI EGE GAYRİMENKUL YATIRIM ORTAKLIĞI A.Ş.,XIST,TRY,equity,true,true,https://www.kap.org.tr/tr/bist-sirketler,2026-07-03
BERA,BERA.IS,BERA HOLDİNG A.Ş.,XIST,TRY,equity,true,true,https://www.kap.org.tr/tr/bist-sirketler,2026-07-03
BESLR,BESLR.IS,BESLER GIDA VE KİMYA SANAYİ VE TİCARET A.Ş.,XIST,TRY,equity,true,true,https://www.kap.org.tr/tr/bist-sirketler,2026-07-03
BESTE,BESTE.IS,BEST BRANDS GRUP ENERJİ YATIRIM A.Ş.,XIST,TRY,equity,true,true,https://www.kap.org.tr/tr/bist-sirketler,2026-07-03
BETAE,BETAE.IS,BETA ENERJİ VE TEKNOLOJİ A.Ş.,XIST,TRY,equity,true,true,https://www.kap.org.tr/tr/bist-sirketler,2026-07-03
BEYAZ,BEYAZ.IS,BEYAZ FİLO OTO KİRALAMA A.Ş.,XIST,TRY,equity,true,true,https://www.kap.org.tr/tr/bist-sirketler,2026-07-03
BFREN,BFREN.IS,BOSCH FREN SİSTEMLERİ SANAYİ VE TİCARET A.Ş.,XIST,TRY,equity,true,true,https://www.kap.org.tr/tr/bist-sirketler,2026-07-03
BIENY,BIENY.IS,BİEN YAPI ÜRÜNLERİ SANAYİ TURİZM VE TİCARET A.Ş.,XIST,TRY,equity,true,true,https://www.kap.org.tr/tr/bist-sirketler,2026-07-03
BIGCH,BIGCH.IS,BÜYÜK ŞEFLER GIDA TURİZM TEKSTİL DANIŞMANLIK ORGANİZASYON EĞİTİM SANAYİ VE TİCARET A.Ş.,XIST,TRY,equity,true,true,https://www.kap.org.tr/tr/bist-sirketler,2026-07-03
BIGEN,BIGEN.IS,BİRLEŞİM GRUP ENERJİ YATIRIMLARI A.Ş.,XIST,TRY,equity,true,true,https://www.kap.org.tr/tr/bist-sirketler,2026-07-03
BIGTK,BIGTK.IS,BİG MEDYA TEKNOLOJİ A.Ş.,XIST,TRY,equity,true,true,https://www.kap.org.tr/tr/bist-sirketler,2026-07-03
BIMAS,BIMAS.IS,BİM BİRLEŞİK MAĞAZALAR A.Ş.,XIST,TRY,equity,true,true,https://www.kap.org.tr/tr/bist-sirketler,2026-07-03
BINBN,BINBN.IS,BİN ULAŞIM VE AKILLI ŞEHİR TEKNOLOJİLERİ A.Ş.,XIST,TRY,equity,true,true,https://www.kap.org.tr/tr/bist-sirketler,2026-07-03
BINHO,BINHO.IS,1000 YATIRIMLAR HOLDİNG A.Ş.,XIST,TRY,equity,true,true,https://www.kap.org.tr/tr/bist-sirketler,2026-07-03
BIOEN,BIOEN.IS,BİOTREND ÇEVRE VE ENERJİ YATIRIMLARI A.Ş.,XIST,TRY,equity,true,true,https://www.kap.org.tr/tr/bist-sirketler,2026-07-03
BIZIM,BIZIM.IS,BİZİM TOPTAN SATIŞ MAĞAZALARI A.Ş.,XIST,TRY,equity,true,true,https://www.kap.org.tr/tr/bist-sirketler,2026-07-03
BJKAS,BJKAS.IS,BEŞİKTAŞ FUTBOL YATIRIMLARI SANAYİ VE TİCARET A.Ş.,XIST,TRY,equity,true,true,https://www.kap.org.tr/tr/bist-sirketler,2026-07-03
BLCYT,BLCYT.IS,BİLİCİ YATIRIM SANAYİ VE TİCARET A.Ş.,XIST,TRY,equity,true,true,https://www.kap.org.tr/tr/bist-sirketler,2026-07-03
BLKOM,BLKOM.IS,BİLKOM BİLİŞİM HİZMETLERİ A.Ş.,XIST,TRY,equity,true,true,https://www.kap.org.tr/tr/bist-sirketler,2026-07-03
BLSMD,BLSMD.IS,BULLS YATIRIM MENKUL DEĞERLER A.Ş.,XIST,TRY,equity,true,true,https://www.kap.org.tr/tr/bist-sirketler,2026-07-03
BLUME,BLUME.IS,BLUME METAL KİMYA A.Ş.,XIST,TRY,equity,true,true,https://www.kap.org.tr/tr/bist-sirketler,2026-07-03
BMSCH,BMSCH.IS,BMS ÇELİK HASIR SANAYİ VE TİCARET A.Ş.,XIST,TRY,equity,true,true,https://www.kap.org.tr/tr/bist-sirketler,2026-07-03
BMSTL,BMSTL.IS,BMS BİRLEŞİK METAL SANAYİ VE TİCARET A.Ş.,XIST,TRY,equity,true,true,https://www.kap.org.tr/tr/bist-sirketler,2026-07-03
BNPPI,BNPPI.IS,BNP PARIBAS ISSUANCE B.V.,XIST,TRY,equity,true,true,https://www.kap.org.tr/tr/bist-sirketler,2026-07-03
BNTAS,BNTAS.IS,BANTAŞ BANDIRMA AMBALAJ SANAYİ VE TİCARET A.Ş.,XIST,TRY,equity,true,true,https://www.kap.org.tr/tr/bist-sirketler,2026-07-03
BOBET,BOBET.IS,BOĞAZİÇİ BETON SANAYİ VE TİCARET A.Ş.,XIST,TRY,equity,true,true,https://www.kap.org.tr/tr/bist-sirketler,2026-07-03
BORLS,BORLS.IS,BORLEASE OTOMOTİV A.Ş.,XIST,TRY,equity,true,true,https://www.kap.org.tr/tr/bist-sirketler,2026-07-03
BORSK,BORSK.IS,BOR ŞEKER A.Ş.,XIST,TRY,equity,true,true,https://www.kap.org.tr/tr/bist-sirketler,2026-07-03
BOSSA,BOSSA.IS,BOSSA TİCARET VE SANAYİ İŞLETMELERİ T.A.Ş.,XIST,TRY,equity,true,true,https://www.kap.org.tr/tr/bist-sirketler,2026-07-03
BRGFK,BRGFK.IS,BURGAN FİNANSAL KİRALAMA A.Ş.,XIST,TRY,equity,true,true,https://www.kap.org.tr/tr/bist-sirketler,2026-07-03
BRISA,BRISA.IS,BRİSA BRİDGESTONE SABANCI LASTİK SANAYİ VE TİCARET A.Ş.,XIST,TRY,equity,true,true,https://www.kap.org.tr/tr/bist-sirketler,2026-07-03
BRKO,BRKO.IS,BİRKO BİRLEŞİK KOYUNLULULAR MENSUCAT TİCARET VE SANAYİ A.Ş.,XIST,TRY,equity,true,true,https://www.kap.org.tr/tr/bist-sirketler,2026-07-03
BRKSN,BRKSN.IS,BERKOSAN YALITIM VE TECRİT MADDELERİ ÜRETİM VE TİCARET A.Ş.,XIST,TRY,equity,true,true,https://www.kap.org.tr/tr/bist-sirketler,2026-07-03
BRKT,BRKT.IS,BEREKET VARLIK KİRALAMA A.Ş.,XIST,TRY,equity,true,true,https://www.kap.org.tr/tr/bist-sirketler,2026-07-03
BRKVY,BRKVY.IS,BİRİKİM VARLIK YÖNETİM A.Ş.,XIST,TRY,equity,true,true,https://www.kap.org.tr/tr/bist-sirketler,2026-07-03
BRLSM,BRLSM.IS,BİRLEŞİM MÜHENDİSLİK ISITMA SOĞUTMA HAVALANDIRMA SANAYİ VE TİCARET A.Ş.,XIST,TRY,equity,true,true,https://www.kap.org.tr/tr/bist-sirketler,2026-07-03
BRMEN,BRMEN.IS,BİRLİK MENSUCAT TİCARET VE SANAYİ İŞLETMESİ A.Ş.,XIST,TRY,equity,true,true,https://www.kap.org.tr/tr/bist-sirketler,2026-07-03
BRSAN,BRSAN.IS,BORUSAN BİRLEŞİK BORU FABRİKALARI SANAYİ VE TİCARET A.Ş.,XIST,TRY,equity,true,true,https://www.kap.org.tr/tr/bist-sirketler,2026-07-03
BRYAT,BRYAT.IS,BORUSAN YATIRIM VE PAZARLAMA A.Ş.,XIST,TRY,equity,true,true,https://www.kap.org.tr/tr/bist-sirketler,2026-07-03
BSOKE,BSOKE.IS,BATIÇİM ÇİMENTO SANAYİ A.Ş.,XIST,TRY,equity,true,true,https://www.kap.org.tr/tr/bist-sirketler,2026-07-03
BTCIM,BTCIM.IS,BATIÇİM BATI ANADOLU SANAYİ VE TİCARET A.Ş.,XIST,TRY,equity,true,true,https://www.kap.org.tr/tr/bist-sirketler,2026-07-03
BUCIM,BUCIM.IS,BURSA ÇİMENTO FABRİKASI A.Ş.,XIST,TRY,equity,true,true,https://www.kap.org.tr/tr/bist-sirketler,2026-07-03
BULGS,BULGS.IS,BULLS GİRİŞİM SERMAYESİ YATIRIM ORTAKLIĞI A.Ş.,XIST,TRY,equity,true,true,https://www.kap.org.tr/tr/bist-sirketler,2026-07-03
BURCE,BURCE.IS,BURÇELİK BURSA ÇELİK DÖKÜM SANAYİİ A.Ş.,XIST,TRY,equity,true,true,https://www.kap.org.tr/tr/bist-sirketler,2026-07-03
BURVA,BURVA.IS,BURÇELİK VANA SANAYİ VE TİCARET A.Ş.,XIST,TRY,equity,true,true,https://www.kap.org.tr/tr/bist-sirketler,2026-07-03
BVSAN,BVSAN.IS,BÜLBÜLOĞLU VİNÇ SANAYİ VE TİCARET A.Ş.,XIST,TRY,equity,true,true,https://www.kap.org.tr/tr/bist-sirketler,2026-07-03
BYDNR,BYDNR.IS,BAYDÖNER RESTORANLARI A.Ş.,XIST,TRY,equity,true,true,https://www.kap.org.tr/tr/bist-sirketler,2026-07-03
CAGFA,CAGFA.IS,ÇAĞDAŞ FAKTORİNG A.Ş.,XIST,TRY,equity,true,true,https://www.kap.org.tr/tr/bist-sirketler,2026-07-03
CANTE,CANTE.IS,ÇAN2 TERMİK A.Ş.,XIST,TRY,equity,true,true,https://www.kap.org.tr/tr/bist-sirketler,2026-07-03
CASA,CASA.IS,CASA EMTİA PETROL KİMYEVİ VE TÜREVLERİ SANAYİ VE TİCARET A.Ş.,XIST,TRY,equity,true,true,https://www.kap.org.tr/tr/bist-sirketler,2026-07-03
CATES,CATES.IS,ÇATES ELEKTRİK ÜRETİM A.Ş.,XIST,TRY,equity,true,true,https://www.kap.org.tr/tr/bist-sirketler,2026-07-03
CCOLA,CCOLA.IS,COCA-COLA İÇECEK A.Ş.,XIST,TRY,equity,true,true,https://www.kap.org.tr/tr/bist-sirketler,2026-07-03
CELHA,CELHA.IS,ÇELİK HALAT VE TEL SANAYİİ A.Ş.,XIST,TRY,equity,true,true,https://www.kap.org.tr/tr/bist-sirketler,2026-07-03
CEMAS,CEMAS.IS,ÇEMAŞ DÖKÜM SANAYİ A.Ş.,XIST,TRY,equity,true,true,https://www.kap.org.tr/tr/bist-sirketler,2026-07-03
CEMTS,CEMTS.IS,ÇEMTAŞ ÇELİK MAKİNA SANAYİ VE TİCARET A.Ş.,XIST,TRY,equity,true,true,https://www.kap.org.tr/tr/bist-sirketler,2026-07-03
CEMZY,CEMZY.IS,CEM ZEYTİN A.Ş.,XIST,TRY,equity,true,true,https://www.kap.org.tr/tr/bist-sirketler,2026-07-03
CEOEM,CEOEM.IS,CEO EVENT MEDYA A.Ş.,XIST,TRY,equity,true,true,https://www.kap.org.tr/tr/bist-sirketler,2026-07-03
CGCAM,CGCAM.IS,ÇAĞDAŞ CAM SANAYİ VE TİCARET A.Ş.,XIST,TRY,equity,true,true,https://www.kap.org.tr/tr/bist-sirketler,2026-07-03
CIMSA,CIMSA.IS,ÇİMSA ÇİMENTO SANAYİ VE TİCARET A.Ş.,XIST,TRY,equity,true,true,https://www.kap.org.tr/tr/bist-sirketler,2026-07-03
CLEBI,CLEBI.IS,ÇELEBİ HAVA SERVİSİ A.Ş.,XIST,TRY,equity,true,true,https://www.kap.org.tr/tr/bist-sirketler,2026-07-03
CLKMT,CLKMT.IS,ÇELİK MOTOR TİCARET A.Ş.,XIST,TRY,equity,true,true,https://www.kap.org.tr/tr/bist-sirketler,2026-07-03
CMBTN,CMBTN.IS,ÇİMBETON HAZIRBETON VE PREFABRİK YAPI ELEMANLARI SANAYİ VE TİCARET A.Ş.,XIST,TRY,equity,true,true,https://www.kap.org.tr/tr/bist-sirketler,2026-07-03
CMENT,CMENT.IS,ÇİMENTAŞ İZMİR ÇİMENTO FABRİKASI T.A.Ş.,XIST,TRY,equity,true,true,https://www.kap.org.tr/tr/bist-sirketler,2026-07-03
CMSAN,CMSAN.IS,ÇAMSAN ENTEGRE AĞAÇ SANAYİ VE TİCARET A.Ş.,XIST,TRY,equity,true,true,https://www.kap.org.tr/tr/bist-sirketler,2026-07-03
CONSE,CONSE.IS,CONSUS ENERJİ İŞLETMECİLİĞİ VE HİZMETLERİ A.Ş.,XIST,TRY,equity,true,true,https://www.kap.org.tr/tr/bist-sirketler,2026-07-03
COSMO,COSMO.IS,COSMOS YATIRIM HOLDİNG A.Ş.,XIST,TRY,equity,true,true,https://www.kap.org.tr/tr/bist-sirketler,2026-07-03
CRDFA,CRDFA.IS,CREDITWEST FAKTORİNG A.Ş.,XIST,TRY,equity,true,true,https://www.kap.org.tr/tr/bist-sirketler,2026-07-03
CRFSA,CRFSA.IS,CARREFOURSA CARREFOUR SABANCI TİCARET MERKEZİ A.Ş.,XIST,TRY,equity,true,true,https://www.kap.org.tr/tr/bist-sirketler,2026-07-03
CUSAN,CUSAN.IS,ÇUHADAROĞLU METAL SANAYİ VE PAZARLAMA A.Ş.,XIST,TRY,equity,true,true,https://www.kap.org.tr/tr/bist-sirketler,2026-07-03
CVKMD,CVKMD.IS,CVK MADEN İŞLETMELERİ SANAYİ VE TİCARET A.Ş.,XIST,TRY,equity,true,true,https://www.kap.org.tr/tr/bist-sirketler,2026-07-03
CWENE,CWENE.IS,CW ENERJİ MÜHENDİSLİK TİCARET VE SANAYİ A.Ş.,XIST,TRY,equity,true,true,https://www.kap.org.tr/tr/bist-sirketler,2026-07-03
DAGI,DAGI.IS,DAGİ GİYİM SANAYİ VE TİCARET A.Ş.,XIST,TRY,equity,true,true,https://www.kap.org.tr/tr/bist-sirketler,2026-07-03
DAPGM,DAPGM.IS,DAP GAYRİMENKUL GELİŞTİRME A.Ş.,XIST,TRY,equity,true,true,https://www.kap.org.tr/tr/bist-sirketler,2026-07-03
DARDL,DARDL.IS,DARDANEL ÖNENTAŞ GIDA SANAYİ A.Ş.,XIST,TRY,equity,true,true,https://www.kap.org.tr/tr/bist-sirketler,2026-07-03
DCTTR,DCTTR.IS,DCT TRADİNG DIŞ TİCARET A.Ş.,XIST,TRY,equity,true,true,https://www.kap.org.tr/tr/bist-sirketler,2026-07-03
DENFA,DENFA.IS,DENİZ FAKTORİNG A.Ş.,XIST,TRY,equity,true,true,https://www.kap.org.tr/tr/bist-sirketler,2026-07-03
DENGE,DENGE.IS,DENGE YATIRIM HOLDİNG A.Ş.,XIST,TRY,equity,true,true,https://www.kap.org.tr/tr/bist-sirketler,2026-07-03
DENVA,DENVA.IS,DENGE VARLIK YÖNETİM A.Ş.,XIST,TRY,equity,true,true,https://www.kap.org.tr/tr/bist-sirketler,2026-07-03
DERHL,DERHL.IS,DERLÜKS YATIRIM HOLDİNG A.Ş.,XIST,TRY,equity,true,true,https://www.kap.org.tr/tr/bist-sirketler,2026-07-03
DERIM,DERIM.IS,DERİMOD KONFEKSİYON AYAKKABI DERİ SANAYİ VE TİCARET A.Ş.,XIST,TRY,equity,true,true,https://www.kap.org.tr/tr/bist-sirketler,2026-07-03
DESA,DESA.IS,DESA DERİ SANAYİ VE TİCARET A.Ş.,XIST,TRY,equity,true,true,https://www.kap.org.tr/tr/bist-sirketler,2026-07-03
DESPC,DESPC.IS,DESPEC BİLGİSAYAR PAZARLAMA VE TİCARET A.Ş.,XIST,TRY,equity,true,true,https://www.kap.org.tr/tr/bist-sirketler,2026-07-03
DEVA,DEVA.IS,DEVA HOLDİNG A.Ş.,XIST,TRY,equity,true,true,https://www.kap.org.tr/tr/bist-sirketler,2026-07-03
DFKTR,DFKTR.IS,DORUK FAKTORİNG A.Ş.,XIST,TRY,equity,true,true,https://www.kap.org.tr/tr/bist-sirketler,2026-07-03
DGATE,DGATE.IS,DATAGATE BİLGİSAYAR MALZEMELERİ TİCARET A.Ş.,XIST,TRY,equity,true,true,https://www.kap.org.tr/tr/bist-sirketler,2026-07-03
DGGYO,DGGYO.IS,DOĞUŞ GAYRİMENKUL YATIRIM ORTAKLIĞI A.Ş.,XIST,TRY,equity,true,true,https://www.kap.org.tr/tr/bist-sirketler,2026-07-03
DGNMO,DGNMO.IS,DOĞANLAR MOBİLYA GRUBU İMALAT SANAYİ VE TİCARET A.Ş.,XIST,TRY,equity,true,true,https://www.kap.org.tr/tr/bist-sirketler,2026-07-03
DGRVK,DGRVK.IS,DEĞER VARLIK KİRALAMA A.Ş.,XIST,TRY,equity,true,true,https://www.kap.org.tr/tr/bist-sirketler,2026-07-03
DIMES,DIMES.IS,DİMES GIDA SANAYİ VE TİCARET A.Ş.,XIST,TRY,equity,true,true,https://www.kap.org.tr/tr/bist-sirketler,2026-07-03
DIRIT,DIRIT.IS,DİRİTEKS DİRİLİŞ TEKSTİL SANAYİ VE TİCARET A.Ş.,XIST,TRY,equity,true,true,https://www.kap.org.tr/tr/bist-sirketler,2026-07-03
DITAS,DITAS.IS,DİTAŞ BDY YEDEK PARÇA İMALAT VE TEKNİK A.Ş.,XIST,TRY,equity,true,true,https://www.kap.org.tr/tr/bist-sirketler,2026-07-03
DKVRL,DKVRL.IS,DK VARLIK KİRALAMA A.Ş.,XIST,TRY,equity,true,true,https://www.kap.org.tr/tr/bist-sirketler,2026-07-03
DMLKT,DMLKT.IS,EMLAK KONUT DAMLA KENT GMS,XIST,TRY,equity,true,true,https://www.kap.org.tr/tr/bist-sirketler,2026-07-03
DMRGD,DMRGD.IS,DMR UNLU MAMULLER ÜRETİM GIDA TOPTAN PERAKENDE İHRACAT A.Ş.,XIST,TRY,equity,true,true,https://www.kap.org.tr/tr/bist-sirketler,2026-07-03
DMSAS,DMSAS.IS,DEMİSAŞ DÖKÜM EMAYE MAMÜLLERİ SANAYİ A.Ş.,XIST,TRY,equity,true,true,https://www.kap.org.tr/tr/bist-sirketler,2026-07-03
DNFIN,DNFIN.IS,DENİZ FİNANSAL KİRALAMA A.Ş.,XIST,TRY,equity,true,true,https://www.kap.org.tr/tr/bist-sirketler,2026-07-03
DNISI,DNISI.IS,DİNAMİK ISI MAKİNA YALITIM MALZEMELERİ SANAYİ VE TİCARET A.Ş.,XIST,TRY,equity,true,true,https://www.kap.org.tr/tr/bist-sirketler,2026-07-03
DNYVA,DNYVA.IS,DÜNYA VARLIK YÖNETİM A.Ş.,XIST,TRY,equity,true,true,https://www.kap.org.tr/tr/bist-sirketler,2026-07-03
DNZEN,DNZEN.IS,DENİZ EKO ENERJİ VE GERİ DÖNÜŞÜM A.Ş.,XIST,TRY,equity,true,true,https://www.kap.org.tr/tr/bist-sirketler,2026-07-03
DOAS,DOAS.IS,DOĞUŞ OTOMOTİV SERVİS VE TİCARET A.Ş.,XIST,TRY,equity,true,true,https://www.kap.org.tr/tr/bist-sirketler,2026-07-03
DOCO,DOCO.IS,DO & CO AKTIENGESELLSCHAFT,XIST,TRY,equity,true,true,https://www.kap.org.tr/tr/bist-sirketler,2026-07-03
DOFER,DOFER.IS,DOFER YAPI MALZEMELERİ SANAYİ VE TİCARET A.Ş.,XIST,TRY,equity,true,true,https://www.kap.org.tr/tr/bist-sirketler,2026-07-03
DOFRB,DOFRB.IS,DOF ROBOTİK SANAYİ A.Ş.,XIST,TRY,equity,true,true,https://www.kap.org.tr/tr/bist-sirketler,2026-07-03
DOGUB,DOGUB.IS,DOĞUSAN BORU SANAYİ VE TİCARET A.Ş.,XIST,TRY,equity,true,true,https://www.kap.org.tr/tr/bist-sirketler,2026-07-03
DOGVY,DOGVY.IS,DOĞRU VARLIK YÖNETİM A.Ş.,XIST,TRY,equity,true,true,https://www.kap.org.tr/tr/bist-sirketler,2026-07-03
DOHOL,DOHOL.IS,DOĞAN ŞİRKETLER GRUBU HOLDİNG A.Ş.,XIST,TRY,equity,true,true,https://www.kap.org.tr/tr/bist-sirketler,2026-07-03
DOKTA,DOKTA.IS,DÖKTAŞ DÖKÜMCÜLÜK TİCARET VE SANAYİ A.Ş.,XIST,TRY,equity,true,true,https://www.kap.org.tr/tr/bist-sirketler,2026-07-03
DRPHN,DRPHN.IS,T.C. HAZİNE VE MALİYE BAKANLIĞI DARPHANE VE DAMGA MATBAASI GENEL MÜDÜRLÜĞÜ,XIST,TRY,equity,true,true,https://www.kap.org.tr/tr/bist-sirketler,2026-07-03
DSTKF,DSTKF.IS,DESTEK FİNANS FAKTORİNG A.Ş.,XIST,TRY,equity,true,true,https://www.kap.org.tr/tr/bist-sirketler,2026-07-03
DSYAT,DSYAT.IS,DESTEK YATIRIM MENKUL DEĞERLER A.Ş.,XIST,TRY,equity,true,true,https://www.kap.org.tr/tr/bist-sirketler,2026-07-03
DUNYH,DUNYH.IS,DÜNYA HOLDİNG A.Ş.,XIST,TRY,equity,true,true,https://www.kap.org.tr/tr/bist-sirketler,2026-07-03
DURDO,DURDO.IS,DURAN DOĞAN BASIM VE AMBALAJ SANAYİ A.Ş.,XIST,TRY,equity,true,true,https://www.kap.org.tr/tr/bist-sirketler,2026-07-03
DURKN,DURKN.IS,DURUKAN ŞEKERLEME SANAYİ VE TİCARET A.Ş.,XIST,TRY,equity,true,true,https://www.kap.org.tr/tr/bist-sirketler,2026-07-03
DVRLK,DVRLK.IS,D VARLIK KİRALAMA A.Ş.,XIST,TRY,equity,true,true,https://www.kap.org.tr/tr/bist-sirketler,2026-07-03
DYBNK,DYBNK.IS,D YATIRIM BANKASI A.Ş.,XIST,TRY,equity,true,true,https://www.kap.org.tr/tr/bist-sirketler,2026-07-03
DYOBY,DYOBY.IS,DYO BOYA FABRİKALARI SANAYİ VE TİCARET A.Ş.,XIST,TRY,equity,true,true,https://www.kap.org.tr/tr/bist-sirketler,2026-07-03
DZGYO,DZGYO.IS,DENİZ GAYRİMENKUL YATIRIM ORTAKLIĞI A.Ş.,XIST,TRY,equity,true,true,https://www.kap.org.tr/tr/bist-sirketler,2026-07-03
EBEBK,EBEBK.IS,EBEBEK MAĞAZACILIK A.Ş.,XIST,TRY,equity,true,true,https://www.kap.org.tr/tr/bist-sirketler,2026-07-03
ECILC,ECILC.IS,EİS ECZACIBAŞI İLAÇ SINAİ VE FİNANSAL YATIRIMLAR SANAYİ VE TİCARET A.Ş.,XIST,TRY,equity,true,true,https://www.kap.org.tr/tr/bist-sirketler,2026-07-03
ECOGR,ECOGR.IS,ECOGREEN ENERJİ HOLDİNG A.Ş.,XIST,TRY,equity,true,true,https://www.kap.org.tr/tr/bist-sirketler,2026-07-03
ECZIP,ECZIP.IS,EİP ECZACIBAŞI İLAÇ PAZARLAMA A.Ş.,XIST,TRY,equity,true,true,https://www.kap.org.tr/tr/bist-sirketler,2026-07-03
ECZYT,ECZYT.IS,ECZACIBAŞI YATIRIM HOLDİNG ORTAKLIĞI A.Ş.,XIST,TRY,equity,true,true,https://www.kap.org.tr/tr/bist-sirketler,2026-07-03
EDATA,EDATA.IS,E-DATA TEKNOLOJİ PAZARLAMA A.Ş.,XIST,TRY,equity,true,true,https://www.kap.org.tr/tr/bist-sirketler,2026-07-03
EDIP,EDIP.IS,EDİP GAYRİMENKUL YATIRIM SANAYİ VE TİCARET A.Ş.,XIST,TRY,equity,true,true,https://www.kap.org.tr/tr/bist-sirketler,2026-07-03
EFOR,EFOR.IS,EFOR YATIRIM SANAYİ TİCARET A.Ş.,XIST,TRY,equity,true,true,https://www.kap.org.tr/tr/bist-sirketler,2026-07-03
EGEEN,EGEEN.IS,EGE ENDÜSTRİ VE TİCARET A.Ş.,XIST,TRY,equity,true,true,https://www.kap.org.tr/tr/bist-sirketler,2026-07-03
EGEGY,EGEGY.IS,EGEYAPI AVRUPA GAYRİMENKUL YATIRIM ORTAKLIĞI A.Ş.,XIST,TRY,equity,true,true,https://www.kap.org.tr/tr/bist-sirketler,2026-07-03
EGEPO,EGEPO.IS,NASMED ÖZEL SAĞLIK HİZMETLERİ TİCARET A.Ş.,XIST,TRY,equity,true,true,https://www.kap.org.tr/tr/bist-sirketler,2026-07-03
EGGUB,EGGUB.IS,EGE GÜBRE SANAYİİ A.Ş.,XIST,TRY,equity,true,true,https://www.kap.org.tr/tr/bist-sirketler,2026-07-03
EGPRO,EGPRO.IS,EGE PROFİL TİCARET VE SANAYİ A.Ş.,XIST,TRY,equity,true,true,https://www.kap.org.tr/tr/bist-sirketler,2026-07-03
EGSER,EGSER.IS,EGE SERAMİK SANAYİ VE TİCARET A.Ş.,XIST,TRY,equity,true,true,https://www.kap.org.tr/tr/bist-sirketler,2026-07-03
EKDMR,EKDMR.IS,EKİNCİLER DEMİR VE ÇELİK SANAYİ A.Ş.,XIST,TRY,equity,true,true,https://www.kap.org.tr/tr/bist-sirketler,2026-07-03
EKER,EKER.IS,EKER SÜT ÜRÜNLERİ GIDA SANAYİ VE TİCARET A.Ş.,XIST,TRY,equity,true,true,https://www.kap.org.tr/tr/bist-sirketler,2026-07-03
EKGYO,EKGYO.IS,EMLAK KONUT GAYRİMENKUL YATIRIM ORTAKLIĞI A.Ş.,XIST,TRY,equity,true,true,https://www.kap.org.tr/tr/bist-sirketler,2026-07-03
EKIZ,EKIZ.IS,EKİZ KİMYA SANAYİ VE TİCARET A.Ş.,XIST,TRY,equity,true,true,https://www.kap.org.tr/tr/bist-sirketler,2026-07-03
EKOFA,EKOFA.IS,EKO FAKTORİNG A.Ş.,XIST,TRY,equity,true,true,https://www.kap.org.tr/tr/bist-sirketler,2026-07-03
EKOS,EKOS.IS,EKOS TEKNOLOJİ VE ELEKTRİK A.Ş.,XIST,TRY,equity,true,true,https://www.kap.org.tr/tr/bist-sirketler,2026-07-03
EKSUN,EKSUN.IS,EKSUN GIDA TARIM SANAYİ VE TİCARET A.Ş.,XIST,TRY,equity,true,true,https://www.kap.org.tr/tr/bist-sirketler,2026-07-03
EKTVK,EKTVK.IS,EMLAK KATILIM VARLIK KİRALAMA A.Ş.,XIST,TRY,equity,true,true,https://www.kap.org.tr/tr/bist-sirketler,2026-07-03
ELITE,ELITE.IS,ELİTE NATUREL ORGANİK GIDA SANAYİ VE TİCARET A.Ş.,XIST,TRY,equity,true,true,https://www.kap.org.tr/tr/bist-sirketler,2026-07-03
EMIRV,EMIRV.IS,EMİR VARLIK YÖNETİM A.Ş.,XIST,TRY,equity,true,true,https://www.kap.org.tr/tr/bist-sirketler,2026-07-03
EMKEL,EMKEL.IS,EMEK ELEKTRİK ENDÜSTRİSİ A.Ş.,XIST,TRY,equity,true,true,https://www.kap.org.tr/tr/bist-sirketler,2026-07-03
EMNIS,EMNIS.IS,EMİNİŞ AMBALAJ SANAYİ VE TİCARET A.Ş.,XIST,TRY,equity,true,true,https://www.kap.org.tr/tr/bist-sirketler,2026-07-03
EMPAE,EMPAE.IS,EMPA ELEKTRONİK SANAYİ VE TİCARET A.Ş.,XIST,TRY,equity,true,true,https://www.kap.org.tr/tr/bist-sirketler,2026-07-03
EMVAR,EMVAR.IS,EMLAK VARLIK KİRALAMA A.Ş.,XIST,TRY,equity,true,true,https://www.kap.org.tr/tr/bist-sirketler,2026-07-03
ENDAE,ENDAE.IS,ENDA ENERJİ HOLDİNG A.Ş.,XIST,TRY,equity,true,true,https://www.kap.org.tr/tr/bist-sirketler,2026-07-03
ENERY,ENERY.IS,ENERYA ENERJİ A.Ş.,XIST,TRY,equity,true,true,https://www.kap.org.tr/tr/bist-sirketler,2026-07-03
ENJSA,ENJSA.IS,ENERJİSA ENERJİ A.Ş.,XIST,TRY,equity,true,true,https://www.kap.org.tr/tr/bist-sirketler,2026-07-03
ENKAI,ENKAI.IS,ENKA İNŞAAT VE SANAYİ A.Ş.,XIST,TRY,equity,true,true,https://www.kap.org.tr/tr/bist-sirketler,2026-07-03
ENPRA,ENPRA.IS,ENPARA BANK A.Ş.,XIST,TRY,equity,true,true,https://www.kap.org.tr/tr/bist-sirketler,2026-07-03
ENSRI,ENSRI.IS,ENSARİ SINAİ YATIRIMLAR A.Ş.,XIST,TRY,equity,true,true,https://www.kap.org.tr/tr/bist-sirketler,2026-07-03
ENTRA,ENTRA.IS,IC ENTERRA YENİLENEBİLİR ENERJİ A.Ş.,XIST,TRY,equity,true,true,https://www.kap.org.tr/tr/bist-sirketler,2026-07-03
EPLAS,EPLAS.IS,EGEPLAST EGE PLASTİK TİCARET VE SANAYİ A.Ş.,XIST,TRY,equity,true,true,https://www.kap.org.tr/tr/bist-sirketler,2026-07-03
ERBOS,ERBOS.IS,ERBOSAN ERCİYAS BORU SANAYİ VE TİCARET A.Ş.,XIST,TRY,equity,true,true,https://www.kap.org.tr/tr/bist-sirketler,2026-07-03
ERCB,ERCB.IS,ERCİYAS ÇELİK BORU SANAYİ A.Ş.,XIST,TRY,equity,true,true,https://www.kap.org.tr/tr/bist-sirketler,2026-07-03
EREGL,EREGL.IS,EREĞLİ DEMİR VE ÇELİK FABRİKALARI T.A.Ş.,XIST,TRY,equity,true,true,https://www.kap.org.tr/tr/bist-sirketler,2026-07-03
ERGLI,ERGLI.IS,EREĞLİ TEKSTİL TURİZM SANAYİ VE TİCARET A.Ş.,XIST,TRY,equity,true,true,https://www.kap.org.tr/tr/bist-sirketler,2026-07-03
ERSU,ERSU.IS,ERSU MEYVE VE GIDA SANAYİ A.Ş.,XIST,TRY,equity,true,true,https://www.kap.org.tr/tr/bist-sirketler,2026-07-03
ESCAR,ESCAR.IS,ESCAR FİLO KİRALAMA HİZMETLERİ A.Ş.,XIST,TRY,equity,true,true,https://www.kap.org.tr/tr/bist-sirketler,2026-07-03
ESCOM,ESCOM.IS,ESCORT TEKNOLOJİ YATIRIM A.Ş.,XIST,TRY,equity,true,true,https://www.kap.org.tr/tr/bist-sirketler,2026-07-03
ESEN,ESEN.IS,ESENBOĞA ELEKTRİK ÜRETİM A.Ş.,XIST,TRY,equity,true,true,https://www.kap.org.tr/tr/bist-sirketler,2026-07-03
ETILR,ETILR.IS,ETİLER GIDA VE TİCARİ YATIRIMLAR SANAYİ VE TİCARET A.Ş.,XIST,TRY,equity,true,true,https://www.kap.org.tr/tr/bist-sirketler,2026-07-03
ETYAT,ETYAT.IS,EURO TREND YATIRIM ORTAKLIĞI A.Ş.,XIST,TRY,equity,true,true,https://www.kap.org.tr/tr/bist-sirketler,2026-07-03
EUHOL,EUHOL.IS,EURO YATIRIM HOLDİNG A.Ş.,XIST,TRY,equity,true,true,https://www.kap.org.tr/tr/bist-sirketler,2026-07-03
EUKYO,EUKYO.IS,EURO KAPİTAL YATIRIM ORTAKLIĞI A.Ş.,XIST,TRY,equity,true,true,https://www.kap.org.tr/tr/bist-sirketler,2026-07-03
EUPWR,EUPWR.IS,EUROPOWER ENERJİ VE OTOMASYON TEKNOLOJİLERİ SANAYİ TİCARET A.Ş.,XIST,TRY,equity,true,true,https://www.kap.org.tr/tr/bist-sirketler,2026-07-03
EUREN,EUREN.IS,EUROPEN ENDÜSTRİ İNŞAAT SANAYİ VE TİCARET A.Ş.,XIST,TRY,equity,true,true,https://www.kap.org.tr/tr/bist-sirketler,2026-07-03
EUYO,EUYO.IS,EURO MENKUL KIYMET YATIRIM ORTAKLIĞI A.Ş.,XIST,TRY,equity,true,true,https://www.kap.org.tr/tr/bist-sirketler,2026-07-03
EYGYO,EYGYO.IS,EYG GAYRİMENKUL YATIRIM ORTAKLIĞI A.Ş.,XIST,TRY,equity,true,true,https://www.kap.org.tr/tr/bist-sirketler,2026-07-03
FADE,FADE.IS,FADE GIDA YATIRIM SANAYİ TİCARET A.Ş.,XIST,TRY,equity,true,true,https://www.kap.org.tr/tr/bist-sirketler,2026-07-03
FAIRF,FAIRF.IS,FAİR FİNANSMAN A.Ş.,XIST,TRY,equity,true,true,https://www.kap.org.tr/tr/bist-sirketler,2026-07-03
FBBNK,FBBNK.IS,FİBABANKA A.Ş.,XIST,TRY,equity,true,true,https://www.kap.org.tr/tr/bist-sirketler,2026-07-03
FENER,FENER.IS,FENERBAHÇE FUTBOL A.Ş.,XIST,TRY,equity,true,true,https://www.kap.org.tr/tr/bist-sirketler,2026-07-03
FKPET,FKPET.IS,FİKRET PETROL ÜRÜNLERİ PAZARLAMA SANAYİ VE TİCARET A.Ş.,XIST,TRY,equity,true,true,https://www.kap.org.tr/tr/bist-sirketler,2026-07-03
FLAP,FLAP.IS,FLAP KONGRE TOPLANTI HİZMETLERİ OTOMOTİV VE TURİZM A.Ş.,XIST,TRY,equity,true,true,https://www.kap.org.tr/tr/bist-sirketler,2026-07-03
FMIZP,FMIZP.IS,FEDERAL MOGUL İZMİT PİSTON VE PİM ÜRETİM TESİSLERİ A.Ş.,XIST,TRY,equity,true,true,https://www.kap.org.tr/tr/bist-sirketler,2026-07-03
FONET,FONET.IS,FONET BİLGİ TEKNOLOJİLERİ A.Ş.,XIST,TRY,equity,true,true,https://www.kap.org.tr/tr/bist-sirketler,2026-07-03
FORMT,FORMT.IS,FORMET METAL VE CAM SANAYİ A.Ş.,XIST,TRY,equity,true,true,https://www.kap.org.tr/tr/bist-sirketler,2026-07-03
FORTE,FORTE.IS,FORTE BİLGİ İLETİŞİM TEKNOLOJİLERİ VE SAVUNMA SANAYİ A.Ş.,XIST,TRY,equity,true,true,https://www.kap.org.tr/tr/bist-sirketler,2026-07-03
FRIGO,FRIGO.IS,FRİGO-PAK GIDA MADDELERİ SANAYİ VE TİCARET A.Ş.,XIST,TRY,equity,true,true,https://www.kap.org.tr/tr/bist-sirketler,2026-07-03
FRMPL,FRMPL.IS,FORMÜL PLASTİK VE METAL SANAYİ A.Ş.,XIST,TRY,equity,true,true,https://www.kap.org.tr/tr/bist-sirketler,2026-07-03
FROTO,FROTO.IS,FORD OTOMOTİV SANAYİ A.Ş.,XIST,TRY,equity,true,true,https://www.kap.org.tr/tr/bist-sirketler,2026-07-03
FZLGY,FZLGY.IS,FUZUL GAYRİMENKUL YATIRIM ORTAKLIĞI A.Ş.,XIST,TRY,equity,true,true,https://www.kap.org.tr/tr/bist-sirketler,2026-07-03
GARFA,GARFA.IS,GARANTİ FAKTORİNG A.Ş.,XIST,TRY,equity,true,true,https://www.kap.org.tr/tr/bist-sirketler,2026-07-03
GARFL,GARFL.IS,GARANTİ FİLO YÖNETİM HİZMETLERİ A.Ş.,XIST,TRY,equity,true,true,https://www.kap.org.tr/tr/bist-sirketler,2026-07-03
GATEG,GATEG.IS,GATE GROUP TEKNOLOJİ MEDYA VE SİBER GÜVENLİK HİZMETLERİ A.Ş.,XIST,TRY,equity,true,true,https://www.kap.org.tr/tr/bist-sirketler,2026-07-03
GEDIK,GEDIK.IS,GEDİK YATIRIM MENKUL DEĞERLER A.Ş.,XIST,TRY,equity,true,true,https://www.kap.org.tr/tr/bist-sirketler,2026-07-03
GEDZA,GEDZA.IS,GEDİZ AMBALAJ SANAYİ VE TİCARET A.Ş.,XIST,TRY,equity,true,true,https://www.kap.org.tr/tr/bist-sirketler,2026-07-03
GENIL,GENIL.IS,GEN İLAÇ VE SAĞLIK ÜRÜNLERİ SANAYİ VE TİCARET A.Ş.,XIST,TRY,equity,true,true,https://www.kap.org.tr/tr/bist-sirketler,2026-07-03
GENKM,GENKM.IS,GENTAŞ KİMYA SANAYİ VE TİCARET PAZARLAMA A.Ş.,XIST,TRY,equity,true,true,https://www.kap.org.tr/tr/bist-sirketler,2026-07-03
GENTS,GENTS.IS,GENTAŞ DEKORATİF YÜZEYLER SANAYİ VE TİCARET A.Ş.,XIST,TRY,equity,true,true,https://www.kap.org.tr/tr/bist-sirketler,2026-07-03
GEREL,GEREL.IS,GERSAN ELEKTRİK TİCARET VE SANAYİ A.Ş.,XIST,TRY,equity,true,true,https://www.kap.org.tr/tr/bist-sirketler,2026-07-03
GESAN,GESAN.IS,GİRİŞİM ELEKTRİK SANAYİ TAAHHÜT VE TİCARET A.Ş.,XIST,TRY,equity,true,true,https://www.kap.org.tr/tr/bist-sirketler,2026-07-03
GGBVK,GGBVK.IS,GOLDEN GLOBAL VARLIK KİRALAMA A.Ş.,XIST,TRY,equity,true,true,https://www.kap.org.tr/tr/bist-sirketler,2026-07-03
GIPTA,GIPTA.IS,GIPTA OFİS KIRTASİYE VE PROMOSYON ÜRÜNLERİ İMALAT SANAYİ A.Ş.,XIST,TRY,equity,true,true,https://www.kap.org.tr/tr/bist-sirketler,2026-07-03
GLBMD,GLBMD.IS,GLOBAL MENKUL DEĞERLER A.Ş.,XIST,TRY,equity,true,true,https://www.kap.org.tr/tr/bist-sirketler,2026-07-03
GLCVY,GLCVY.IS,GELECEK VARLIK YÖNETİMİ A.Ş.,XIST,TRY,equity,true,true,https://www.kap.org.tr/tr/bist-sirketler,2026-07-03
GLRMK,GLRMK.IS,GÜLERMAK AĞIR SANAYİ İNŞAAT VE TAAHHÜT A.Ş.,XIST,TRY,equity,true,true,https://www.kap.org.tr/tr/bist-sirketler,2026-07-03
GLRYH,GLRYH.IS,GÜLER YATIRIM HOLDİNG A.Ş.,XIST,TRY,equity,true,true,https://www.kap.org.tr/tr/bist-sirketler,2026-07-03
GLYHO,GLYHO.IS,GLOBAL YATIRIM HOLDİNG A.Ş.,XIST,TRY,equity,true,true,https://www.kap.org.tr/tr/bist-sirketler,2026-07-03
GMTAS,GMTAS.IS,GİMAT MAĞAZACILIK SANAYİ VE TİCARET A.Ş.,XIST,TRY,equity,true,true,https://www.kap.org.tr/tr/bist-sirketler,2026-07-03
GOKNR,GOKNR.IS,GÖKNUR GIDA MADDELERİ ENERJİ İMALAT İTHALAT İHRACAT TİCARET VE SANAYİ A.Ş.,XIST,TRY,equity,true,true,https://www.kap.org.tr/tr/bist-sirketler,2026-07-03
GOLTS,GOLTS.IS,GÖLTAŞ GÖLLER BÖLGESİ ÇİMENTO SANAYİ VE TİCARET A.Ş.,XIST,TRY,equity,true,true,https://www.kap.org.tr/tr/bist-sirketler,2026-07-03
GOODY,GOODY.IS,GOODYEAR LASTİKLERİ T.A.Ş.,XIST,TRY,equity,true,true,https://www.kap.org.tr/tr/bist-sirketler,2026-07-03
GOZDE,GOZDE.IS,GÖZDE GİRİŞİM SERMAYESİ YATIRIM ORTAKLIĞI A.Ş.,XIST,TRY,equity,true,true,https://www.kap.org.tr/tr/bist-sirketler,2026-07-03
GRNYO,GRNYO.IS,GARANTİ YATIRIM ORTAKLIĞI A.Ş.,XIST,TRY,equity,true,true,https://www.kap.org.tr/tr/bist-sirketler,2026-07-03
GRSEL,GRSEL.IS,GÜR-SEL TURİZM TAŞIMACILIK VE SERVİS TİCARET A.Ş.,XIST,TRY,equity,true,true,https://www.kap.org.tr/tr/bist-sirketler,2026-07-03
GRTHO,GRTHO.IS,GRAINTURK HOLDİNG A.Ş.,XIST,TRY,equity,true,true,https://www.kap.org.tr/tr/bist-sirketler,2026-07-03
GSDDE,GSDDE.IS,GSD DENİZCİLİK GAYRİMENKUL İNŞAAT SANAYİ VE TİCARET A.Ş.,XIST,TRY,equity,true,true,https://www.kap.org.tr/tr/bist-sirketler,2026-07-03
GSDHO,GSDHO.IS,GSD HOLDİNG A.Ş.,XIST,TRY,equity,true,true,https://www.kap.org.tr/tr/bist-sirketler,2026-07-03
GSIPD,GSIPD.IS,GOLDMAN SACHS INTERNATIONAL,XIST,TRY,equity,true,true,https://www.kap.org.tr/tr/bist-sirketler,2026-07-03
GSRAY,GSRAY.IS,GALATASARAY SPORTİF SINAİ VE TİCARİ YATIRIMLAR A.Ş.,XIST,TRY,equity,true,true,https://www.kap.org.tr/tr/bist-sirketler,2026-07-03
GUBRF,GUBRF.IS,GÜBRE FABRİKALARI T.A.Ş.,XIST,TRY,equity,true,true,https://www.kap.org.tr/tr/bist-sirketler,2026-07-03
GUNDG,GUNDG.IS,GÜNDOĞDU GIDA SÜT ÜRÜNLERİ SANAYİ VE DIŞ TİCARET A.Ş.,XIST,TRY,equity,true,true,https://www.kap.org.tr/tr/bist-sirketler,2026-07-03
GWIND,GWIND.IS,GALATA WIND ENERJİ A.Ş.,XIST,TRY,equity,true,true,https://www.kap.org.tr/tr/bist-sirketler,2026-07-03
GYVAR,GYVAR.IS,GY VARLIK KİRALAMA A.Ş.,XIST,TRY,equity,true,true,https://www.kap.org.tr/tr/bist-sirketler,2026-07-03
GZNMI,GZNMI.IS,GEZİNOMİ SEYAHAT TURİZM TİCARET A.Ş.,XIST,TRY,equity,true,true,https://www.kap.org.tr/tr/bist-sirketler,2026-07-03
HALKF,HALKF.IS,HALK FİNANSAL KİRALAMA A.Ş.,XIST,TRY,equity,true,true,https://www.kap.org.tr/tr/bist-sirketler,2026-07-03
HATEK,HATEK.IS,HATEKS HATAY TEKSTİL İŞLETMELERİ A.Ş.,XIST,TRY,equity,true,true,https://www.kap.org.tr/tr/bist-sirketler,2026-07-03
HATSN,HATSN.IS,HAT-SAN GEMİ İNŞAA BAKIM ONARIM DENİZ NAKLİYAT SANAYİ VE TİCARET A.Ş.,XIST,TRY,equity,true,true,https://www.kap.org.tr/tr/bist-sirketler,2026-07-03
HAYVK,HAYVK.IS,HAYAT VARLIK KİRALAMA A.Ş.,XIST,TRY,equity,true,true,https://www.kap.org.tr/tr/bist-sirketler,2026-07-03
HDFFL,HDFFL.IS,HEDEF ARAÇ KİRALAMA VE SERVİS A.Ş.,XIST,TRY,equity,true,true,https://www.kap.org.tr/tr/bist-sirketler,2026-07-03
HDFGS,HDFGS.IS,HEDEF GİRİŞİM SERMAYESİ YATIRIM ORTAKLIĞI A.Ş.,XIST,TRY,equity,true,true,https://www.kap.org.tr/tr/bist-sirketler,2026-07-03
HDFVK,HDFVK.IS,HEDEF VARLIK KİRALAMA A.Ş.,XIST,TRY,equity,true,true,https://www.kap.org.tr/tr/bist-sirketler,2026-07-03
HEDEF,HEDEF.IS,HEDEF HOLDİNG A.Ş.,XIST,TRY,equity,true,true,https://www.kap.org.tr/tr/bist-sirketler,2026-07-03
HEKTS,HEKTS.IS,HEKTAŞ TİCARET T.A.Ş.,XIST,TRY,equity,true,true,https://www.kap.org.tr/tr/bist-sirketler,2026-07-03
HKTM,HKTM.IS,HİDROPAR HAREKET KONTROL TEKNOLOJİLERİ MERKEZİ SANAYİ VE TİCARET A.Ş.,XIST,TRY,equity,true,true,https://www.kap.org.tr/tr/bist-sirketler,2026-07-03
HLGYO,HLGYO.IS,HALK GAYRİMENKUL YATIRIM ORTAKLIĞI A.Ş.,XIST,TRY,equity,true,true,https://www.kap.org.tr/tr/bist-sirketler,2026-07-03
HLVKS,HLVKS.IS,HALK VARLIK KİRALAMA A.Ş.,XIST,TRY,equity,true,true,https://www.kap.org.tr/tr/bist-sirketler,2026-07-03
HOROZ,HOROZ.IS,HOROZ LOJİSTİK KARGO HİZMETLERİ VE TİCARET A.Ş.,XIST,TRY,equity,true,true,https://www.kap.org.tr/tr/bist-sirketler,2026-07-03
HRKET,HRKET.IS,HAREKET PROJE TAŞIMACILIĞI VE YÜK MÜHENDİSLİĞİ A.Ş.,XIST,TRY,equity,true,true,https://www.kap.org.tr/tr/bist-sirketler,2026-07-03
HTTBT,HTTBT.IS,HİTİT BİLGİSAYAR HİZMETLERİ A.Ş.,XIST,TRY,equity,true,true,https://www.kap.org.tr/tr/bist-sirketler,2026-07-03
HUBVC,HUBVC.IS,HUB GİRİŞİM SERMAYESİ YATIRIM ORTAKLIĞI A.Ş.,XIST,TRY,equity,true,true,https://www.kap.org.tr/tr/bist-sirketler,2026-07-03
HUNER,HUNER.IS,HUN YENİLENEBİLİR ENERJİ ÜRETİM A.Ş.,XIST,TRY,equity,true,true,https://www.kap.org.tr/tr/bist-sirketler,2026-07-03
HURGZ,HURGZ.IS,HÜRRİYET GAZETECİLİK VE MATBAACILIK A.Ş.,XIST,TRY,equity,true,true,https://www.kap.org.tr/tr/bist-sirketler,2026-07-03
HUZFA,HUZFA.IS,HUZUR FAKTORİNG A.Ş.,XIST,TRY,equity,true,true,https://www.kap.org.tr/tr/bist-sirketler,2026-07-03
ICBCT,ICBCT.IS,ICBC TURKEY BANK A.Ş.,XIST,TRY,equity,true,true,https://www.kap.org.tr/tr/bist-sirketler,2026-07-03
ICUGS,ICUGS.IS,ICU GİRİŞİM SERMAYESİ YATIRIM ORTAKLIĞI A.Ş.,XIST,TRY,equity,true,true,https://www.kap.org.tr/tr/bist-sirketler,2026-07-03
IDGYO,IDGYO.IS,İDEALİST GAYRİMENKUL YATIRIM ORTAKLIĞI A.Ş.,XIST,TRY,equity,true,true,https://www.kap.org.tr/tr/bist-sirketler,2026-07-03
IEYHO,IEYHO.IS,IŞIKLAR ENERJİ VE YAPI HOLDİNG A.Ş.,XIST,TRY,equity,true,true,https://www.kap.org.tr/tr/bist-sirketler,2026-07-03
IHAAS,IHAAS.IS,İHLAS HABER AJANSI A.Ş.,XIST,TRY,equity,true,true,https://www.kap.org.tr/tr/bist-sirketler,2026-07-03
IHEVA,IHEVA.IS,İHLAS EV ALETLERİ İMALAT SANAYİ VE TİCARET A.Ş.,XIST,TRY,equity,true,true,https://www.kap.org.tr/tr/bist-sirketler,2026-07-03
IHGZT,IHGZT.IS,İHLAS GAZETECİLİK A.Ş.,XIST,TRY,equity,true,true,https://www.kap.org.tr/tr/bist-sirketler,2026-07-03
IHLAS,IHLAS.IS,İHLAS HOLDİNG A.Ş.,XIST,TRY,equity,true,true,https://www.kap.org.tr/tr/bist-sirketler,2026-07-03
IHLGM,IHLGM.IS,İHLAS GAYRİMENKUL PROJE GELİŞTİRME VE TİCARET A.Ş.,XIST,TRY,equity,true,true,https://www.kap.org.tr/tr/bist-sirketler,2026-07-03
IHYAY,IHYAY.IS,İHLAS YAYIN HOLDİNG A.Ş.,XIST,TRY,equity,true,true,https://www.kap.org.tr/tr/bist-sirketler,2026-07-03
IMASM,IMASM.IS,İMAŞ MAKİNA SANAYİ A.Ş.,XIST,TRY,equity,true,true,https://www.kap.org.tr/tr/bist-sirketler,2026-07-03
INDES,INDES.IS,İNDEKS BİLGİSAYAR SİSTEMLERİ MÜHENDİSLİK SANAYİ VE TİCARET A.Ş.,XIST,TRY,equity,true,true,https://www.kap.org.tr/tr/bist-sirketler,2026-07-03
INGRM,INGRM.IS,INGRAM MİCRO BİLİŞİM SİSTEMLERİ A.Ş.,XIST,TRY,equity,true,true,https://www.kap.org.tr/tr/bist-sirketler,2026-07-03
INTEK,INTEK.IS,İNNOSA TEKNOLOJİ A.Ş.,XIST,TRY,equity,true,true,https://www.kap.org.tr/tr/bist-sirketler,2026-07-03
INTEM,INTEM.IS,İNTEMA İNŞAAT VE TESİSAT MALZEMELERİ YATIRIM VE PAZARLAMA A.Ş.,XIST,TRY,equity,true,true,https://www.kap.org.tr/tr/bist-sirketler,2026-07-03
INVAZ,INVAZ.IS,INVEST-AZ YATIRIM MENKUL DEĞERLER A.Ş.,XIST,TRY,equity,true,true,https://www.kap.org.tr/tr/bist-sirketler,2026-07-03
INVEO,INVEO.IS,INVEO YATIRIM HOLDİNG A.Ş.,XIST,TRY,equity,true,true,https://www.kap.org.tr/tr/bist-sirketler,2026-07-03
INVES,INVES.IS,INVESTCO HOLDİNG A.Ş.,XIST,TRY,equity,true,true,https://www.kap.org.tr/tr/bist-sirketler,2026-07-03
ISBIR,ISBIR.IS,İŞBİR HOLDİNG A.Ş.,XIST,TRY,equity,true,true,https://www.kap.org.tr/tr/bist-sirketler,2026-07-03
ISDMR,ISDMR.IS,İSKENDERUN DEMİR VE ÇELİK A.Ş.,XIST,TRY,equity,true,true,https://www.kap.org.tr/tr/bist-sirketler,2026-07-03
ISFAK,ISFAK.IS,İŞ FAKTORİNG A.Ş.,XIST,TRY,equity,true,true,https://www.kap.org.tr/tr/bist-sirketler,2026-07-03
ISFIN,ISFIN.IS,İŞ FİNANSAL KİRALAMA A.Ş.,XIST,TRY,equity,true,true,https://www.kap.org.tr/tr/bist-sirketler,2026-07-03
ISGSY,ISGSY.IS,İŞ GİRİŞİM SERMAYESİ YATIRIM ORTAKLIĞI A.Ş.,XIST,TRY,equity,true,true,https://www.kap.org.tr/tr/bist-sirketler,2026-07-03
ISGYO,ISGYO.IS,İŞ GAYRİMENKUL YATIRIM ORTAKLIĞI A.Ş.,XIST,TRY,equity,true,true,https://www.kap.org.tr/tr/bist-sirketler,2026-07-03
ISKPL,ISKPL.IS,IŞIK PLASTİK SANAYİ VE DIŞ TİCARET PAZARLAMA A.Ş.,XIST,TRY,equity,true,true,https://www.kap.org.tr/tr/bist-sirketler,2026-07-03
ISSEN,ISSEN.IS,İŞBİR SENTETİK DOKUMA SANAYİ A.Ş.,XIST,TRY,equity,true,true,https://www.kap.org.tr/tr/bist-sirketler,2026-07-03
ISTFK,ISTFK.IS,İSTANBUL FAKTORİNG A.Ş.,XIST,TRY,equity,true,true,https://www.kap.org.tr/tr/bist-sirketler,2026-07-03
ISTVY,ISTVY.IS,İSTANBUL VARLIK YÖNETİM A.Ş.,XIST,TRY,equity,true,true,https://www.kap.org.tr/tr/bist-sirketler,2026-07-03
ISYAT,ISYAT.IS,İŞ YATIRIM ORTAKLIĞI A.Ş.,XIST,TRY,equity,true,true,https://www.kap.org.tr/tr/bist-sirketler,2026-07-03
IZENR,IZENR.IS,İZDEMİR ENERJİ ELEKTRİK ÜRETİM A.Ş.,XIST,TRY,equity,true,true,https://www.kap.org.tr/tr/bist-sirketler,2026-07-03
IZFAS,IZFAS.IS,İZMİR FIRÇA SANAYİ VE TİCARET A.Ş.,XIST,TRY,equity,true,true,https://www.kap.org.tr/tr/bist-sirketler,2026-07-03
IZINV,IZINV.IS,İZ YATIRIM HOLDİNG A.Ş.,XIST,TRY,equity,true,true,https://www.kap.org.tr/tr/bist-sirketler,2026-07-03
IZMDC,IZMDC.IS,İZMİR DEMİR ÇELİK SANAYİ A.Ş.,XIST,TRY,equity,true,true,https://www.kap.org.tr/tr/bist-sirketler,2026-07-03
JANTS,JANTS.IS,JANTSA JANT SANAYİ VE TİCARET A.Ş.,XIST,TRY,equity,true,true,https://www.kap.org.tr/tr/bist-sirketler,2026-07-03
KAPLM,KAPLM.IS,KAPLAMİN AMBALAJ SANAYİ VE TİCARET A.Ş.,XIST,TRY,equity,true,true,https://www.kap.org.tr/tr/bist-sirketler,2026-07-03
KAREL,KAREL.IS,KAREL ELEKTRONİK SANAYİ VE TİCARET A.Ş.,XIST,TRY,equity,true,true,https://www.kap.org.tr/tr/bist-sirketler,2026-07-03
KARSN,KARSN.IS,KARSAN OTOMOTİV SANAYİİ VE TİCARET A.Ş.,XIST,TRY,equity,true,true,https://www.kap.org.tr/tr/bist-sirketler,2026-07-03
KARTN,KARTN.IS,KARTONSAN KARTON SANAYİ VE TİCARET A.Ş.,XIST,TRY,equity,true,true,https://www.kap.org.tr/tr/bist-sirketler,2026-07-03
KATMR,KATMR.IS,KATMERCİLER ARAÇ ÜSTÜ EKİPMAN SANAYİ VE TİCARET A.Ş.,XIST,TRY,equity,true,true,https://www.kap.org.tr/tr/bist-sirketler,2026-07-03
KATVK,KATVK.IS,KATILIM VARLIK KİRALAMA A.Ş.,XIST,TRY,equity,true,true,https://www.kap.org.tr/tr/bist-sirketler,2026-07-03
KAYSE,KAYSE.IS,KAYSERİ ŞEKER FABRİKASI A.Ş.,XIST,TRY,equity,true,true,https://www.kap.org.tr/tr/bist-sirketler,2026-07-03
KBORU,KBORU.IS,KUZEY BORU A.Ş.,XIST,TRY,equity,true,true,https://www.kap.org.tr/tr/bist-sirketler,2026-07-03
KCAER,KCAER.IS,KOCAER ÇELİK SANAYİ VE TİCARET A.Ş.,XIST,TRY,equity,true,true,https://www.kap.org.tr/tr/bist-sirketler,2026-07-03
KCHOL,KCHOL.IS,KOÇ HOLDİNG A.Ş.,XIST,TRY,equity,true,true,https://www.kap.org.tr/tr/bist-sirketler,2026-07-03
KENT,KENT.IS,KENT GIDA MADDELERİ SANAYİİ VE TİCARET A.Ş.,XIST,TRY,equity,true,true,https://www.kap.org.tr/tr/bist-sirketler,2026-07-03
KERVN,KERVN.IS,KERVANSARAY YATIRIM HOLDİNG A.Ş.,XIST,TRY,equity,true,true,https://www.kap.org.tr/tr/bist-sirketler,2026-07-03
KFEIN,KFEIN.IS,KAFEİN YAZILIM HİZMETLERİ TİCARET A.Ş.,XIST,TRY,equity,true,true,https://www.kap.org.tr/tr/bist-sirketler,2026-07-03
KFILO,KFILO.IS,KAYATUR FİLO KİRALAMA A.Ş.,XIST,TRY,equity,true,true,https://www.kap.org.tr/tr/bist-sirketler,2026-07-03
KGYO,KGYO.IS,KORAY GAYRİMENKUL YATIRIM ORTAKLIĞI A.Ş.,XIST,TRY,equity,true,true,https://www.kap.org.tr/tr/bist-sirketler,2026-07-03
KIMMR,KIMMR.IS,ERSAN ALIŞVERİŞ HİZMETLERİ VE GIDA SANAYİ TİCARET A.Ş.,XIST,TRY,equity,true,true,https://www.kap.org.tr/tr/bist-sirketler,2026-07-03
KLGYO,KLGYO.IS,KİLER GAYRİMENKUL YATIRIM ORTAKLIĞI A.Ş.,XIST,TRY,equity,true,true,https://www.kap.org.tr/tr/bist-sirketler,2026-07-03
KLKIM,KLKIM.IS,KALEKİM KİMYEVİ MADDELER SANAYİ VE TİCARET A.Ş.,XIST,TRY,equity,true,true,https://www.kap.org.tr/tr/bist-sirketler,2026-07-03
KLMSN,KLMSN.IS,KLİMASAN KLİMA SANAYİ VE TİCARET A.Ş.,XIST,TRY,equity,true,true,https://www.kap.org.tr/tr/bist-sirketler,2026-07-03
KLNMA,KLNMA.IS,TÜRKİYE KALKINMA VE YATIRIM BANKASI A.Ş.,XIST,TRY,equity,true,true,https://www.kap.org.tr/tr/bist-sirketler,2026-07-03
KLRHO,KLRHO.IS,KİLER HOLDİNG A.Ş.,XIST,TRY,equity,true,true,https://www.kap.org.tr/tr/bist-sirketler,2026-07-03
KLSER,KLSER.IS,KALESERAMİK ÇANAKKALE KALEBODUR SERAMİK SANAYİ A.Ş.,XIST,TRY,equity,true,true,https://www.kap.org.tr/tr/bist-sirketler,2026-07-03
KLSYN,KLSYN.IS,KOLEKSİYON MOBİLYA SANAYİ A.Ş.,XIST,TRY,equity,true,true,https://www.kap.org.tr/tr/bist-sirketler,2026-07-03
KLVKS,KLVKS.IS,KALKINMA YATIRIM VARLIK KİRALAMA A.Ş.,XIST,TRY,equity,true,true,https://www.kap.org.tr/tr/bist-sirketler,2026-07-03
KLYPV,KLYPV.IS,KALYON GÜNEŞ TEKNOLOJİLERİ ÜRETİM A.Ş.,XIST,TRY,equity,true,true,https://www.kap.org.tr/tr/bist-sirketler,2026-07-03
KMPUR,KMPUR.IS,KİMTEKS POLİÜRETAN SANAYİ VE TİCARET A.Ş.,XIST,TRY,equity,true,true,https://www.kap.org.tr/tr/bist-sirketler,2026-07-03
KNFRT,KNFRT.IS,KONFRUT TARIM A.Ş.,XIST,TRY,equity,true,true,https://www.kap.org.tr/tr/bist-sirketler,2026-07-03
KNTFA,KNTFA.IS,KENT FİNANS FAKTORİNG A.Ş.,XIST,TRY,equity,true,true,https://www.kap.org.tr/tr/bist-sirketler,2026-07-03
KOCFN,KOCFN.IS,KOÇ FİNANSMAN A.Ş.,XIST,TRY,equity,true,true,https://www.kap.org.tr/tr/bist-sirketler,2026-07-03
KOCMT,KOCMT.IS,KOÇ METALURJİ A.Ş.,XIST,TRY,equity,true,true,https://www.kap.org.tr/tr/bist-sirketler,2026-07-03
KONKA,KONKA.IS,KONYA KAĞIT SANAYİ VE TİCARET A.Ş.,XIST,TRY,equity,true,true,https://www.kap.org.tr/tr/bist-sirketler,2026-07-03
KONTR,KONTR.IS,KONTROLMATİK TEKNOLOJİ ENERJİ VE MÜHENDİSLİK A.Ş.,XIST,TRY,equity,true,true,https://www.kap.org.tr/tr/bist-sirketler,2026-07-03
KONYA,KONYA.IS,KONYA ÇİMENTO SANAYİİ A.Ş.,XIST,TRY,equity,true,true,https://www.kap.org.tr/tr/bist-sirketler,2026-07-03
KOPOL,KOPOL.IS,KOZA POLYESTER SANAYİ VE TİCARET A.Ş.,XIST,TRY,equity,true,true,https://www.kap.org.tr/tr/bist-sirketler,2026-07-03
KORDS,KORDS.IS,KORDSA TEKNİK TEKSTİL A.Ş.,XIST,TRY,equity,true,true,https://www.kap.org.tr/tr/bist-sirketler,2026-07-03
KORTS,KORTS.IS,KORTEKS MENSUCAT SANAYİ VE TİCARET A.Ş.,XIST,TRY,equity,true,true,https://www.kap.org.tr/tr/bist-sirketler,2026-07-03
KOTON,KOTON.IS,KOTON MAĞAZACILIK TEKSTİL SANAYİ VE TİCARET A.Ş.,XIST,TRY,equity,true,true,https://www.kap.org.tr/tr/bist-sirketler,2026-07-03
KPTGY,KPTGY.IS,KAPİTAL GAYRİMENKUL YATIRIMI GELİŞTİRME VE İŞLETMECİLİK A.Ş.,XIST,TRY,equity,true,true,https://www.kap.org.tr/tr/bist-sirketler,2026-07-03
KRDMD,KRDMD.IS,KARDEMİR KARABÜK DEMİR ÇELİK SANAYİ VE TİCARET A.Ş.,XIST,TRY,equity,true,true,https://www.kap.org.tr/tr/bist-sirketler,2026-07-03
KRGYO,KRGYO.IS,KÖRFEZ GAYRİMENKUL YATIRIM ORTAKLIĞI A.Ş.,XIST,TRY,equity,true,true,https://www.kap.org.tr/tr/bist-sirketler,2026-07-03
KRONT,KRONT.IS,KRON TEKNOLOJİ A.Ş.,XIST,TRY,equity,true,true,https://www.kap.org.tr/tr/bist-sirketler,2026-07-03
KRPLS,KRPLS.IS,KOROPLAST TEMİZLİK AMBALAJ ÜRÜNLERİ SANAYİ VE DIŞ TİCARET A.Ş.,XIST,TRY,equity,true,true,https://www.kap.org.tr/tr/bist-sirketler,2026-07-03
KRSTL,KRSTL.IS,KRİSTAL KOLA VE MEŞRUBAT SANAYİ TİCARET A.Ş.,XIST,TRY,equity,true,true,https://www.kap.org.tr/tr/bist-sirketler,2026-07-03
KRTEK,KRTEK.IS,KARSU TEKSTİL SANAYİİ VE TİCARET A.Ş.,XIST,TRY,equity,true,true,https://www.kap.org.tr/tr/bist-sirketler,2026-07-03
KRVGD,KRVGD.IS,KERVAN GIDA SANAYİ VE TİCARET A.Ş.,XIST,TRY,equity,true,true,https://www.kap.org.tr/tr/bist-sirketler,2026-07-03
KSFIN,KSFIN.IS,KOÇ STELLANTİS FİNANSMAN A.Ş.,XIST,TRY,equity,true,true,https://www.kap.org.tr/tr/bist-sirketler,2026-07-03
KSTUR,KSTUR.IS,KUŞTUR KUŞADASI TURİZM ENDÜSTRİSİ A.Ş.,XIST,TRY,equity,true,true,https://www.kap.org.tr/tr/bist-sirketler,2026-07-03
KTKVK,KTKVK.IS,KT KİRA SERTİFİKALARI VARLIK KİRALAMA A.Ş.,XIST,TRY,equity,true,true,https://www.kap.org.tr/tr/bist-sirketler,2026-07-03
KTLEV,KTLEV.IS,KATILIMEVİM TASARRUF FİNANSMAN A.Ş.,XIST,TRY,equity,true,true,https://www.kap.org.tr/tr/bist-sirketler,2026-07-03
KTSKR,KTSKR.IS,KÜTAHYA ŞEKER FABRİKASI A.Ş.,XIST,TRY,equity,true,true,https://www.kap.org.tr/tr/bist-sirketler,2026-07-03
KTSVK,KTSVK.IS,KT SUKUK VARLIK KİRALAMA A.Ş.,XIST,TRY,equity,true,true,https://www.kap.org.tr/tr/bist-sirketler,2026-07-03
KUTPO,KUTPO.IS,KÜTAHYA PORSELEN SANAYİ A.Ş.,XIST,TRY,equity,true,true,https://www.kap.org.tr/tr/bist-sirketler,2026-07-03
KUVVA,KUVVA.IS,KUVVA GIDA TİCARET VE SANAYİ YATIRIMLARI A.Ş.,XIST,TRY,equity,true,true,https://www.kap.org.tr/tr/bist-sirketler,2026-07-03
KUYAS,KUYAS.IS,KUYAŞ YATIRIM A.Ş.,XIST,TRY,equity,true,true,https://www.kap.org.tr/tr/bist-sirketler,2026-07-03
KZBGY,KZBGY.IS,KIZILBÜK GAYRİMENKUL YATIRIM ORTAKLIĞI A.Ş.,XIST,TRY,equity,true,true,https://www.kap.org.tr/tr/bist-sirketler,2026-07-03
KZGYO,KZGYO.IS,KUZUGRUP GAYRİMENKUL YATIRIM ORTAKLIĞI A.Ş.,XIST,TRY,equity,true,true,https://www.kap.org.tr/tr/bist-sirketler,2026-07-03
LIDER,LIDER.IS,LDR TURİZM A.Ş.,XIST,TRY,equity,true,true,https://www.kap.org.tr/tr/bist-sirketler,2026-07-03
LIDFA,LIDFA.IS,LİDER FAKTORİNG A.Ş.,XIST,TRY,equity,true,true,https://www.kap.org.tr/tr/bist-sirketler,2026-07-03
LILAK,LILAK.IS,LİLA KAĞIT SANAYİ VE TİCARET A.Ş.,XIST,TRY,equity,true,true,https://www.kap.org.tr/tr/bist-sirketler,2026-07-03
LINK,LINK.IS,LİNK BİLGİSAYAR SİSTEMLERİ YAZILIMI VE DONANIMI SANAYİ VE TİCARET A.Ş.,XIST,TRY,equity,true,true,https://www.kap.org.tr/tr/bist-sirketler,2026-07-03
LKMNH,LKMNH.IS,LOKMAN HEKİM ENGÜRÜSAĞ SAĞLIK TURİZM EĞİTİM HİZMETLERİ VE İNŞAAT TAAHHÜT A.Ş.,XIST,TRY,equity,true,true,https://www.kap.org.tr/tr/bist-sirketler,2026-07-03
LMKDC,LMKDC.IS,LİMAK DOĞU ANADOLU ÇİMENTO SANAYİ VE TİCARET A.Ş.,XIST,TRY,equity,true,true,https://www.kap.org.tr/tr/bist-sirketler,2026-07-03
LOGO,LOGO.IS,LOGO YAZILIM SANAYİ VE TİCARET A.Ş.,XIST,TRY,equity,true,true,https://www.kap.org.tr/tr/bist-sirketler,2026-07-03
LRSHO,LRSHO.IS,LORAS HOLDİNG A.Ş.,XIST,TRY,equity,true,true,https://www.kap.org.tr/tr/bist-sirketler,2026-07-03
LUKSK,LUKSK.IS,LÜKS KADİFE TİCARET VE SANAYİİ A.Ş.,XIST,TRY,equity,true,true,https://www.kap.org.tr/tr/bist-sirketler,2026-07-03
LXGYO,LXGYO.IS,LUXERA GAYRİMENKUL YATIRIM ORTAKLIĞI A.Ş.,XIST,TRY,equity,true,true,https://www.kap.org.tr/tr/bist-sirketler,2026-07-03
LYDHO,LYDHO.IS,LYDİA HOLDİNG A.Ş.,XIST,TRY,equity,true,true,https://www.kap.org.tr/tr/bist-sirketler,2026-07-03
LYDYE,LYDYE.IS,LYDİA YEŞİL ENERJİ KAYNAKLARI A.Ş.,XIST,TRY,equity,true,true,https://www.kap.org.tr/tr/bist-sirketler,2026-07-03
MAALT,MAALT.IS,MARMARİS ALTINYUNUS TURİSTİK TESİSLER A.Ş.,XIST,TRY,equity,true,true,https://www.kap.org.tr/tr/bist-sirketler,2026-07-03
MACKO,MACKO.IS,MACKOLİK İNTERNET HİZMETLERİ TİCARET A.Ş.,XIST,TRY,equity,true,true,https://www.kap.org.tr/tr/bist-sirketler,2026-07-03
MAGEN,MAGEN.IS,MARGÜN ENERJİ ÜRETİM SANAYİ VE TİCARET A.Ş.,XIST,TRY,equity,true,true,https://www.kap.org.tr/tr/bist-sirketler,2026-07-03
MAKIM,MAKIM.IS,MAKİM MAKİNA TEKNOLOJİLERİ SANAYİ VE TİCARET A.Ş.,XIST,TRY,equity,true,true,https://www.kap.org.tr/tr/bist-sirketler,2026-07-03
MAKTK,MAKTK.IS,MAKİNA TAKIM ENDÜSTRİSİ A.Ş.,XIST,TRY,equity,true,true,https://www.kap.org.tr/tr/bist-sirketler,2026-07-03
MANAS,MANAS.IS,MANAS ENERJİ YÖNETİMİ SANAYİ VE TİCARET A.Ş.,XIST,TRY,equity,true,true,https://www.kap.org.tr/tr/bist-sirketler,2026-07-03
MARBL,MARBL.IS,TUREKS TURUNÇ MADENCİLİK İÇ VE DIŞ TİCARET A.Ş.,XIST,TRY,equity,true,true,https://www.kap.org.tr/tr/bist-sirketler,2026-07-03
MARKA,MARKA.IS,MARKA YATIRIM HOLDİNG A.Ş.,XIST,TRY,equity,true,true,https://www.kap.org.tr/tr/bist-sirketler,2026-07-03
MARMR,MARMR.IS,MARMARA HOLDİNG A.Ş.,XIST,TRY,equity,true,true,https://www.kap.org.tr/tr/bist-sirketler,2026-07-03
MARTI,MARTI.IS,MARTI OTEL İŞLETMELERİ A.Ş.,XIST,TRY,equity,true,true,https://www.kap.org.tr/tr/bist-sirketler,2026-07-03
MAVI,MAVI.IS,MAVİ GİYİM SANAYİ VE TİCARET A.Ş.,XIST,TRY,equity,true,true,https://www.kap.org.tr/tr/bist-sirketler,2026-07-03
MBFTR,MBFTR.IS,MERCEDES-BENZ FİNANSMAN TÜRK A.Ş.,XIST,TRY,equity,true,true,https://www.kap.org.tr/tr/bist-sirketler,2026-07-03
MCARD,MCARD.IS,METROPAL KURUMSAL HİZMETLER A.Ş.,XIST,TRY,equity,true,true,https://www.kap.org.tr/tr/bist-sirketler,2026-07-03
MDIAZ,MDIAZ.IS,MEDİAZZ YENİ MEDYA VE TEKNOLOJİ YATIRIMLARI A.Ş.,XIST,TRY,equity,true,true,https://www.kap.org.tr/tr/bist-sirketler,2026-07-03
MEDTR,MEDTR.IS,MEDİTERA TIBBİ MALZEME SANAYİ VE TİCARET A.Ş.,XIST,TRY,equity,true,true,https://www.kap.org.tr/tr/bist-sirketler,2026-07-03
MEGAP,MEGAP.IS,MEGA POLİETİLEN KÖPÜK SANAYİ VE TİCARET A.Ş.,XIST,TRY,equity,true,true,https://www.kap.org.tr/tr/bist-sirketler,2026-07-03
MEGMT,MEGMT.IS,MEGA METAL SANAYİ VE TİCARET A.Ş.,XIST,TRY,equity,true,true,https://www.kap.org.tr/tr/bist-sirketler,2026-07-03
MEKAG,MEKAG.IS,MEKA GLOBAL MAKİNE İMALAT SANAYİ VE TİCARET A.Ş.,XIST,TRY,equity,true,true,https://www.kap.org.tr/tr/bist-sirketler,2026-07-03
MEPET,MEPET.IS,BREAK MOLA TURİZM YATIRIMLAR A.Ş.,XIST,TRY,equity,true,true,https://www.kap.org.tr/tr/bist-sirketler,2026-07-03
MERCN,MERCN.IS,MERCAN KİMYA SANAYİ VE TİCARET A.Ş.,XIST,TRY,equity,true,true,https://www.kap.org.tr/tr/bist-sirketler,2026-07-03
MERIT,MERIT.IS,MERİT TURİZM YATIRIM VE İŞLETME A.Ş.,XIST,TRY,equity,true,true,https://www.kap.org.tr/tr/bist-sirketler,2026-07-03
MERKO,MERKO.IS,MERKO GIDA SANAYİ VE TİCARET A.Ş.,XIST,TRY,equity,true,true,https://www.kap.org.tr/tr/bist-sirketler,2026-07-03
METEN,METEN.IS,METGÜN ENERJİ YATIRIMLARI A.Ş.,XIST,TRY,equity,true,true,https://www.kap.org.tr/tr/bist-sirketler,2026-07-03
METRO,METRO.IS,METRO TİCARİ VE MALİ YATIRIMLAR HOLDİNG A.Ş.,XIST,TRY,equity,true,true,https://www.kap.org.tr/tr/bist-sirketler,2026-07-03
MEYSU,MEYSU.IS,MEYSU GIDA SANAYİ VE TİCARET A.Ş.,XIST,TRY,equity,true,true,https://www.kap.org.tr/tr/bist-sirketler,2026-07-03
MGROS,MGROS.IS,MİGROS TİCARET A.Ş.,XIST,TRY,equity,true,true,https://www.kap.org.tr/tr/bist-sirketler,2026-07-03
MHRGY,MHRGY.IS,MHR GAYRİMENKUL YATIRIM ORTAKLIĞI A.Ş.,XIST,TRY,equity,true,true,https://www.kap.org.tr/tr/bist-sirketler,2026-07-03
MIATK,MIATK.IS,MİA TEKNOLOJİ A.Ş.,XIST,TRY,equity,true,true,https://www.kap.org.tr/tr/bist-sirketler,2026-07-03
MILKS,MILKS.IS,MİLK ACADEMY SÜT ÜRÜNLERİ SANAYİ VE TİCARET A.Ş.,XIST,TRY,equity,true,true,https://www.kap.org.tr/tr/bist-sirketler,2026-07-03
MINTF,MINTF.IS,MİNT FİNANSMAN A.Ş.,XIST,TRY,equity,true,true,https://www.kap.org.tr/tr/bist-sirketler,2026-07-03
MMCAS,MMCAS.IS,MMC SANAYİ VE TİCARİ YATIRIMLAR A.Ş.,XIST,TRY,equity,true,true,https://www.kap.org.tr/tr/bist-sirketler,2026-07-03
MNDRS,MNDRS.IS,MENDERES TEKSTİL SANAYİ VE TİCARET A.Ş.,XIST,TRY,equity,true,true,https://www.kap.org.tr/tr/bist-sirketler,2026-07-03
MNDTR,MNDTR.IS,MONDİ TURKEY OLUKLU MUKAVVA KAĞIT VE AMBALAJ SANAYİ A.Ş.,XIST,TRY,equity,true,true,https://www.kap.org.tr/tr/bist-sirketler,2026-07-03
MNGFA,MNGFA.IS,MNG FAKTORİNG A.Ş.,XIST,TRY,equity,true,true,https://www.kap.org.tr/tr/bist-sirketler,2026-07-03
MOBTL,MOBTL.IS,MOBİLTEL İLETİŞİM HİZMETLERİ SANAYİ VE TİCARET A.Ş.,XIST,TRY,equity,true,true,https://www.kap.org.tr/tr/bist-sirketler,2026-07-03
MOGAN,MOGAN.IS,MOGAN ENERJİ YATIRIM HOLDİNG A.Ş.,XIST,TRY,equity,true,true,https://www.kap.org.tr/tr/bist-sirketler,2026-07-03
MOPAS,MOPAS.IS,MOPAŞ MARKETÇİLİK GIDA SANAYİ VE TİCARET A.Ş.,XIST,TRY,equity,true,true,https://www.kap.org.tr/tr/bist-sirketler,2026-07-03
MPARK,MPARK.IS,MLP SAĞLIK HİZMETLERİ A.Ş.,XIST,TRY,equity,true,true,https://www.kap.org.tr/tr/bist-sirketler,2026-07-03
MRBKF,MRBKF.IS,MERCEDES BENZ KAMYON FİNANSMAN A.Ş.,XIST,TRY,equity,true,true,https://www.kap.org.tr/tr/bist-sirketler,2026-07-03
MRGYO,MRGYO.IS,MARTI GAYRİMENKUL YATIRIM ORTAKLIĞI A.Ş.,XIST,TRY,equity,true,true,https://www.kap.org.tr/tr/bist-sirketler,2026-07-03
MRMAG,MRMAG.IS,MARKA MAĞAZACILIK A.Ş.,XIST,TRY,equity,true,true,https://www.kap.org.tr/tr/bist-sirketler,2026-07-03
MRSHL,MRSHL.IS,MARSHALL BOYA VE VERNİK SANAYİİ A.Ş.,XIST,TRY,equity,true,true,https://www.kap.org.tr/tr/bist-sirketler,2026-07-03
MSGYO,MSGYO.IS,MİSTRAL GAYRİMENKUL YATIRIM ORTAKLIĞI A.Ş.,XIST,TRY,equity,true,true,https://www.kap.org.tr/tr/bist-sirketler,2026-07-03
MSYBN,MSYBN.IS,MİSYON YATIRIM BANKASI A.Ş.,XIST,TRY,equity,true,true,https://www.kap.org.tr/tr/bist-sirketler,2026-07-03
MTRKS,MTRKS.IS,MATRİKS FİNANSAL TEKNOLOJİLER A.Ş.,XIST,TRY,equity,true,true,https://www.kap.org.tr/tr/bist-sirketler,2026-07-03
MTRYO,MTRYO.IS,METRO YATIRIM ORTAKLIĞI A.Ş.,XIST,TRY,equity,true,true,https://www.kap.org.tr/tr/bist-sirketler,2026-07-03
MZHLD,MZHLD.IS,MAZHAR ZORLU HOLDİNG A.Ş.,XIST,TRY,equity,true,true,https://www.kap.org.tr/tr/bist-sirketler,2026-07-03
NATEN,NATEN.IS,NATUREL YENİLENEBİLİR ENERJİ TİCARET A.Ş.,XIST,TRY,equity,true,true,https://www.kap.org.tr/tr/bist-sirketler,2026-07-03
NETAS,NETAS.IS,NETAŞ TELEKOMÜNİKASYON A.Ş.,XIST,TRY,equity,true,true,https://www.kap.org.tr/tr/bist-sirketler,2026-07-03
NETCD,NETCD.IS,NETCAD YAZILIM A.Ş.,XIST,TRY,equity,true,true,https://www.kap.org.tr/tr/bist-sirketler,2026-07-03
NIBAS,NIBAS.IS,NİĞBAŞ NİĞDE BETON SANAYİ VE TİCARET A.Ş.,XIST,TRY,equity,true,true,https://www.kap.org.tr/tr/bist-sirketler,2026-07-03
NTGAZ,NTGAZ.IS,NATURELGAZ SANAYİ VE TİCARET A.Ş.,XIST,TRY,equity,true,true,https://www.kap.org.tr/tr/bist-sirketler,2026-07-03
NTHOL,NTHOL.IS,NET HOLDİNG A.Ş.,XIST,TRY,equity,true,true,https://www.kap.org.tr/tr/bist-sirketler,2026-07-03
NUGYO,NUGYO.IS,NUROL GAYRİMENKUL YATIRIM ORTAKLIĞI A.Ş.,XIST,TRY,equity,true,true,https://www.kap.org.tr/tr/bist-sirketler,2026-07-03
NUHCM,NUHCM.IS,NUH ÇİMENTO SANAYİ A.Ş.,XIST,TRY,equity,true,true,https://www.kap.org.tr/tr/bist-sirketler,2026-07-03
NURVK,NURVK.IS,NUROL VARLIK KİRALAMA A.Ş.,XIST,TRY,equity,true,true,https://www.kap.org.tr/tr/bist-sirketler,2026-07-03
OBAMS,OBAMS.IS,OBA MAKARNACILIK SANAYİ VE TİCARET A.Ş.,XIST,TRY,equity,true,true,https://www.kap.org.tr/tr/bist-sirketler,2026-07-03
OBASE,OBASE.IS,OBASE BİLGİSAYAR VE DANIŞMANLIK HİZMETLERİ TİCARET A.Ş.,XIST,TRY,equity,true,true,https://www.kap.org.tr/tr/bist-sirketler,2026-07-03
ODAS,ODAS.IS,ODAŞ ELEKTRİK ÜRETİM SANAYİ TİCARET A.Ş.,XIST,TRY,equity,true,true,https://www.kap.org.tr/tr/bist-sirketler,2026-07-03
ODINE,ODINE.IS,ODİNE SOLUTİONS TEKNOLOJİ TİCARET VE SANAYİ A.Ş.,XIST,TRY,equity,true,true,https://www.kap.org.tr/tr/bist-sirketler,2026-07-03
OFSYM,OFSYM.IS,OFİS YEM GIDA SANAYİ TİCARET A.Ş.,XIST,TRY,equity,true,true,https://www.kap.org.tr/tr/bist-sirketler,2026-07-03
ONCSM,ONCSM.IS,ONCOSEM ONKOLOJİK SİSTEMLER SANAYİ VE TİCARET A.Ş.,XIST,TRY,equity,true,true,https://www.kap.org.tr/tr/bist-sirketler,2026-07-03
ONRYT,ONRYT.IS,ONUR YÜKSEK TEKNOLOJİ A.Ş.,XIST,TRY,equity,true,true,https://www.kap.org.tr/tr/bist-sirketler,2026-07-03
OPET,OPET.IS,OPET PETROLCÜLÜK A.Ş.,XIST,TRY,equity,true,true,https://www.kap.org.tr/tr/bist-sirketler,2026-07-03
ORCAY,ORCAY.IS,ORÇAY ORTAKÖY ÇAY SANAYİ VE TİCARET A.Ş.,XIST,TRY,equity,true,true,https://www.kap.org.tr/tr/bist-sirketler,2026-07-03
ORFIN,ORFIN.IS,ORFİN FİNANSMAN A.Ş.,XIST,TRY,equity,true,true,https://www.kap.org.tr/tr/bist-sirketler,2026-07-03
ORGE,ORGE.IS,ORGE ENERJİ ELEKTRİK TAAHHÜT A.Ş.,XIST,TRY,equity,true,true,https://www.kap.org.tr/tr/bist-sirketler,2026-07-03
ORMA,ORMA.IS,ORMA ORMAN MAHSÜLLERİ İNTEGRE SANAYİ VE TİCARET A.Ş.,XIST,TRY,equity,true,true,https://www.kap.org.tr/tr/bist-sirketler,2026-07-03
OSMEN,OSMEN.IS,OSMANLI YATIRIM MENKUL DEĞERLER A.Ş.,XIST,TRY,equity,true,true,https://www.kap.org.tr/tr/bist-sirketler,2026-07-03
OSTIM,OSTIM.IS,OSTİM ENDÜSTRİYEL YATIRIMLAR VE İŞLETME A.Ş.,XIST,TRY,equity,true,true,https://www.kap.org.tr/tr/bist-sirketler,2026-07-03
OSVKS,OSVKS.IS,OSMANLI VARLIK KİRALAMA A.Ş.,XIST,TRY,equity,true,true,https://www.kap.org.tr/tr/bist-sirketler,2026-07-03
OTKAR,OTKAR.IS,OTOKAR OTOMOTİV VE SAVUNMA SANAYİ A.Ş.,XIST,TRY,equity,true,true,https://www.kap.org.tr/tr/bist-sirketler,2026-07-03
OTOSR,OTOSR.IS,OTOSOR OTOMOTİV A.Ş.,XIST,TRY,equity,true,true,https://www.kap.org.tr/tr/bist-sirketler,2026-07-03
OTTO,OTTO.IS,OTTO HOLDİNG A.Ş.,XIST,TRY,equity,true,true,https://www.kap.org.tr/tr/bist-sirketler,2026-07-03
OYAKC,OYAKC.IS,OYAK ÇİMENTO FABRİKALARI A.Ş.,XIST,TRY,equity,true,true,https://www.kap.org.tr/tr/bist-sirketler,2026-07-03
OYAYO,OYAYO.IS,OYAK YATIRIM ORTAKLIĞI A.Ş.,XIST,TRY,equity,true,true,https://www.kap.org.tr/tr/bist-sirketler,2026-07-03
OYLUM,OYLUM.IS,OYLUM SINAİ YATIRIMLAR A.Ş.,XIST,TRY,equity,true,true,https://www.kap.org.tr/tr/bist-sirketler,2026-07-03
OYYAT,OYYAT.IS,OYAK YATIRIM MENKUL DEĞERLER A.Ş.,XIST,TRY,equity,true,true,https://www.kap.org.tr/tr/bist-sirketler,2026-07-03
OZATD,OZATD.IS,ÖZATA DENİZCİLİK SANAYİ VE TİCARET A.Ş.,XIST,TRY,equity,true,true,https://www.kap.org.tr/tr/bist-sirketler,2026-07-03
OZGYO,OZGYO.IS,ÖZDERİCİ GAYRİMENKUL YATIRIM ORTAKLIĞI A.Ş.,XIST,TRY,equity,true,true,https://www.kap.org.tr/tr/bist-sirketler,2026-07-03
OZKGY,OZKGY.IS,ÖZAK GAYRİMENKUL YATIRIM ORTAKLIĞI A.Ş.,XIST,TRY,equity,true,true,https://www.kap.org.tr/tr/bist-sirketler,2026-07-03
OZRDN,OZRDN.IS,ÖZERDEN AMBALAJ SANAYİ A.Ş.,XIST,TRY,equity,true,true,https://www.kap.org.tr/tr/bist-sirketler,2026-07-03
OZSUB,OZSUB.IS,ÖZSU BALIK ÜRETİM A.Ş.,XIST,TRY,equity,true,true,https://www.kap.org.tr/tr/bist-sirketler,2026-07-03
OZYSR,OZYSR.IS,ÖZYAŞAR TEL VE GALVANİZLEME SANAYİ A.Ş.,XIST,TRY,equity,true,true,https://www.kap.org.tr/tr/bist-sirketler,2026-07-03
PAGYO,PAGYO.IS,PANORA GAYRİMENKUL YATIRIM ORTAKLIĞI A.Ş.,XIST,TRY,equity,true,true,https://www.kap.org.tr/tr/bist-sirketler,2026-07-03
PAHOL,PAHOL.IS,PASİFİK HOLDİNG A.Ş.,XIST,TRY,equity,true,true,https://www.kap.org.tr/tr/bist-sirketler,2026-07-03
PAMEL,PAMEL.IS,PAMEL YENİLENEBİLİR ELEKTRİK ÜRETİM A.Ş.,XIST,TRY,equity,true,true,https://www.kap.org.tr/tr/bist-sirketler,2026-07-03
PAPIL,PAPIL.IS,PAPİLON SAVUNMA TEKNOLOJİ VE TİCARET A.Ş.,XIST,TRY,equity,true,true,https://www.kap.org.tr/tr/bist-sirketler,2026-07-03
PARSN,PARSN.IS,PARSAN MAKİNA PARÇALARI SANAYİİ A.Ş.,XIST,TRY,equity,true,true,https://www.kap.org.tr/tr/bist-sirketler,2026-07-03
PASEU,PASEU.IS,PASİFİK EURASİA LOJİSTİK DIŞ TİCARET A.Ş.,XIST,TRY,equity,true,true,https://www.kap.org.tr/tr/bist-sirketler,2026-07-03
PATEK,PATEK.IS,PASİFİK TEKNOLOJİ A.Ş.,XIST,TRY,equity,true,true,https://www.kap.org.tr/tr/bist-sirketler,2026-07-03
PBTR,PBTR.IS,PASHA YATIRIM BANKASI A.Ş.,XIST,TRY,equity,true,true,https://www.kap.org.tr/tr/bist-sirketler,2026-07-03
PCILT,PCILT.IS,PC İLETİŞİM VE MEDYA HİZMETLERİ SANAYİ TİCARET A.Ş.,XIST,TRY,equity,true,true,https://www.kap.org.tr/tr/bist-sirketler,2026-07-03
PEKGY,PEKGY.IS,PEKER GAYRİMENKUL YATIRIM ORTAKLIĞI A.Ş.,XIST,TRY,equity,true,true,https://www.kap.org.tr/tr/bist-sirketler,2026-07-03
PENGD,PENGD.IS,PENGUEN GIDA SANAYİ A.Ş.,XIST,TRY,equity,true,true,https://www.kap.org.tr/tr/bist-sirketler,2026-07-03
PENTA,PENTA.IS,PENTA TEKNOLOJİ ÜRÜNLERİ DAĞITIM TİCARET A.Ş.,XIST,TRY,equity,true,true,https://www.kap.org.tr/tr/bist-sirketler,2026-07-03
PETKM,PETKM.IS,PETKİM PETROKİMYA HOLDİNG A.Ş.,XIST,TRY,equity,true,true,https://www.kap.org.tr/tr/bist-sirketler,2026-07-03
PETUN,PETUN.IS,PINAR ENTEGRE ET VE UN SANAYİİ A.Ş.,XIST,TRY,equity,true,true,https://www.kap.org.tr/tr/bist-sirketler,2026-07-03
PGSUS,PGSUS.IS,PEGASUS HAVA TAŞIMACILIĞI A.Ş.,XIST,TRY,equity,true,true,https://www.kap.org.tr/tr/bist-sirketler,2026-07-03
PINSU,PINSU.IS,PINAR SU VE İÇECEK SANAYİ VE TİCARET A.Ş.,XIST,TRY,equity,true,true,https://www.kap.org.tr/tr/bist-sirketler,2026-07-03
PKART,PKART.IS,PLASTİKKART AKILLI KART İLETİŞİM SİSTEMLERİ SANAYİ VE TİCARET A.Ş.,XIST,TRY,equity,true,true,https://www.kap.org.tr/tr/bist-sirketler,2026-07-03
PKENT,PKENT.IS,PETROKENT TURİZM A.Ş.,XIST,TRY,equity,true,true,https://www.kap.org.tr/tr/bist-sirketler,2026-07-03
PLTUR,PLTUR.IS,PLATFORM TURİZM TAŞIMACILIK GIDA İNŞAAT TEMİZLİK HİZMETLERİ SANAYİ VE TİCARET A.Ş.,XIST,TRY,equity,true,true,https://www.kap.org.tr/tr/bist-sirketler,2026-07-03
PNLSN,PNLSN.IS,PANELSAN ÇATI CEPHE SİSTEMLERİ SANAYİ VE TİCARET A.Ş.,XIST,TRY,equity,true,true,https://www.kap.org.tr/tr/bist-sirketler,2026-07-03
PNSUT,PNSUT.IS,PINAR SÜT MAMÜLLERİ SANAYİİ A.Ş.,XIST,TRY,equity,true,true,https://www.kap.org.tr/tr/bist-sirketler,2026-07-03
POLHO,POLHO.IS,POLİSAN HOLDİNG A.Ş.,XIST,TRY,equity,true,true,https://www.kap.org.tr/tr/bist-sirketler,2026-07-03
POLTK,POLTK.IS,POLİTEKNİK METAL SANAYİ VE TİCARET A.Ş.,XIST,TRY,equity,true,true,https://www.kap.org.tr/tr/bist-sirketler,2026-07-03
PRDGS,PRDGS.IS,PARDUS GİRİŞİM SERMAYESİ YATIRIM ORTAKLIĞI A.Ş.,XIST,TRY,equity,true,true,https://www.kap.org.tr/tr/bist-sirketler,2026-07-03
PRFFK,PRFFK.IS,PARAFİNANS FAKTORİNG A.Ş.,XIST,TRY,equity,true,true,https://www.kap.org.tr/tr/bist-sirketler,2026-07-03
PRKAB,PRKAB.IS,TÜRK PRYSMİAN KABLO VE SİSTEMLERİ A.Ş.,XIST,TRY,equity,true,true,https://www.kap.org.tr/tr/bist-sirketler,2026-07-03
PRKME,PRKME.IS,PARK ELEKTRİK ÜRETİM MADENCİLİK SANAYİ VE TİCARET A.Ş.,XIST,TRY,equity,true,true,https://www.kap.org.tr/tr/bist-sirketler,2026-07-03
PRZMA,PRZMA.IS,PRİZMA PRES MATBAACILIK YAYINCILIK SANAYİ VE TİCARET A.Ş.,XIST,TRY,equity,true,true,https://www.kap.org.tr/tr/bist-sirketler,2026-07-03
PSDTC,PSDTC.IS,PERGAMON STATUS DIŞ TİCARET A.Ş.,XIST,TRY,equity,true,true,https://www.kap.org.tr/tr/bist-sirketler,2026-07-03
PSGYO,PSGYO.IS,PASİFİK GAYRİMENKUL YATIRIM ORTAKLIĞI A.Ş.,XIST,TRY,equity,true,true,https://www.kap.org.tr/tr/bist-sirketler,2026-07-03
QNBFF,QNBFF.IS,QNB FAKTORİNG A.Ş.,XIST,TRY,equity,true,true,https://www.kap.org.tr/tr/bist-sirketler,2026-07-03
QNBFK,QNBFK.IS,QNB FİNANSAL KİRALAMA A.Ş.,XIST,TRY,equity,true,true,https://www.kap.org.tr/tr/bist-sirketler,2026-07-03
QNBTR,QNBTR.IS,QNB BANK A.Ş.,XIST,TRY,equity,true,true,https://www.kap.org.tr/tr/bist-sirketler,2026-07-03
QNBVK,QNBVK.IS,QNB VARLIK KİRALAMA A.Ş.,XIST,TRY,equity,true,true,https://www.kap.org.tr/tr/bist-sirketler,2026-07-03
QUAGR,QUAGR.IS,QUA GRANITE HAYAL YAPI VE ÜRÜNLERİ SANAYİ TİCARET A.Ş.,XIST,TRY,equity,true,true,https://www.kap.org.tr/tr/bist-sirketler,2026-07-03
QUFIN,QUFIN.IS,QUICK FİNANSMAN A.Ş.,XIST,TRY,equity,true,true,https://www.kap.org.tr/tr/bist-sirketler,2026-07-03
QYHOL,QYHOL.IS,Q YATIRIM HOLDİNG A.Ş.,XIST,TRY,equity,true,true,https://www.kap.org.tr/tr/bist-sirketler,2026-07-03
RALYH,RALYH.IS,RAL YATIRIM HOLDİNG A.Ş.,XIST,TRY,equity,true,true,https://www.kap.org.tr/tr/bist-sirketler,2026-07-03
RAYSG,RAYSG.IS,RAY SİGORTA A.Ş.,XIST,TRY,equity,true,true,https://www.kap.org.tr/tr/bist-sirketler,2026-07-03
REEDR,REEDR.IS,REEDER TEKNOLOJİ SANAYİ VE TİCARET A.Ş.,XIST,TRY,equity,true,true,https://www.kap.org.tr/tr/bist-sirketler,2026-07-03
RGYAS,RGYAS.IS,RÖNESANS GAYRİMENKUL YATIRIM A.Ş.,XIST,TRY,equity,true,true,https://www.kap.org.tr/tr/bist-sirketler,2026-07-03
RNPOL,RNPOL.IS,RAİNBOW POLİKARBONAT SANAYİ TİCARET A.Ş.,XIST,TRY,equity,true,true,https://www.kap.org.tr/tr/bist-sirketler,2026-07-03
RODRG,RODRG.IS,RODRİGO TEKSTİL SANAYİ VE TİCARET A.Ş.,XIST,TRY,equity,true,true,https://www.kap.org.tr/tr/bist-sirketler,2026-07-03
RTALB,RTALB.IS,RTA LABORATUVARLARI BİYOLOJİK ÜRÜNLER İLAÇ VE MAKİNE SANAYİ TİCARET A.Ş.,XIST,TRY,equity,true,true,https://www.kap.org.tr/tr/bist-sirketler,2026-07-03
RUBNS,RUBNS.IS,RUBENİS TEKSTİL SANAYİ TİCARET A.Ş.,XIST,TRY,equity,true,true,https://www.kap.org.tr/tr/bist-sirketler,2026-07-03
RUZYE,RUZYE.IS,RUZY MADENCİLİK VE ENERJİ YATIRIMLARI SANAYİ VE TİCARET A.Ş.,XIST,TRY,equity,true,true,https://www.kap.org.tr/tr/bist-sirketler,2026-07-03
RYGYO,RYGYO.IS,REYSAŞ GAYRİMENKUL YATIRIM ORTAKLIĞI A.Ş.,XIST,TRY,equity,true,true,https://www.kap.org.tr/tr/bist-sirketler,2026-07-03
RYSAS,RYSAS.IS,REYSAŞ TAŞIMACILIK VE LOJİSTİK TİCARET A.Ş.,XIST,TRY,equity,true,true,https://www.kap.org.tr/tr/bist-sirketler,2026-07-03
SAFKR,SAFKR.IS,SAFKAR EGE SOĞUTMACILIK KLİMA SOĞUK HAVA TESİSLERİ İHRACAT İTHALAT SANAYİ VE TİCARET A.Ş.,XIST,TRY,equity,true,true,https://www.kap.org.tr/tr/bist-sirketler,2026-07-03
SAHOL,SAHOL.IS,HACI ÖMER SABANCI HOLDİNG A.Ş.,XIST,TRY,equity,true,true,https://www.kap.org.tr/tr/bist-sirketler,2026-07-03
SAMAT,SAMAT.IS,SARAY MATBAACILIK KAĞITÇILIK KIRTASİYECİLİK TİCARET VE SANAYİ A.Ş.,XIST,TRY,equity,true,true,https://www.kap.org.tr/tr/bist-sirketler,2026-07-03
SANEL,SANEL.IS,SAN-EL MÜHENDİSLİK ELEKTRİK TAAHHÜT SANAYİ VE TİCARET A.Ş.,XIST,TRY,equity,true,true,https://www.kap.org.tr/tr/bist-sirketler,2026-07-03
SANFM,SANFM.IS,SANİFOAM ENDÜSTRİ VE TÜKETİM ÜRÜNLERİ SANAYİ TİCARET A.Ş.,XIST,TRY,equity,true,true,https://www.kap.org.tr/tr/bist-sirketler,2026-07-03
SANKO,SANKO.IS,SANKO PAZARLAMA İTHALAT İHRACAT A.Ş.,XIST,TRY,equity,true,true,https://www.kap.org.tr/tr/bist-sirketler,2026-07-03
SARKY,SARKY.IS,SARKUYSAN ELEKTROLİTİK BAKIR SANAYİ VE TİCARET A.Ş.,XIST,TRY,equity,true,true,https://www.kap.org.tr/tr/bist-sirketler,2026-07-03
SARTN,SARTN.IS,SARTEN AMBALAJ SANAYİ VE TİCARET A.Ş.,XIST,TRY,equity,true,true,https://www.kap.org.tr/tr/bist-sirketler,2026-07-03
SASA,SASA.IS,SASA POLYESTER SANAYİ A.Ş.,XIST,TRY,equity,true,true,https://www.kap.org.tr/tr/bist-sirketler,2026-07-03
SAYAS,SAYAS.IS,SAY YENİLENEBİLİR ENERJİ EKİPMANLARI SANAYİ VE TİCARET A.Ş.,XIST,TRY,equity,true,true,https://www.kap.org.tr/tr/bist-sirketler,2026-07-03
SDTTR,SDTTR.IS,SDT UZAY VE SAVUNMA TEKNOLOJİLERİ A.Ş.,XIST,TRY,equity,true,true,https://www.kap.org.tr/tr/bist-sirketler,2026-07-03
SEGMN,SEGMN.IS,SEĞMEN KARDEŞLER GIDA ÜRETİM VE AMBALAJ SANAYİ A.Ş.,XIST,TRY,equity,true,true,https://www.kap.org.tr/tr/bist-sirketler,2026-07-03
SEGYO,SEGYO.IS,ŞEKER GAYRİMENKUL YATIRIM ORTAKLIĞI A.Ş.,XIST,TRY,equity,true,true,https://www.kap.org.tr/tr/bist-sirketler,2026-07-03
SEKFK,SEKFK.IS,ŞEKER FİNANSAL KİRALAMA A.Ş.,XIST,TRY,equity,true,true,https://www.kap.org.tr/tr/bist-sirketler,2026-07-03
SEKUR,SEKUR.IS,SEKURO PLASTİK AMBALAJ SANAYİ A.Ş.,XIST,TRY,equity,true,true,https://www.kap.org.tr/tr/bist-sirketler,2026-07-03
SELEC,SELEC.IS,SELÇUK ECZA DEPOSU TİCARET VE SANAYİ A.Ş.,XIST,TRY,equity,true,true,https://www.kap.org.tr/tr/bist-sirketler,2026-07-03
SELVA,SELVA.IS,SELVA GIDA SANAYİ A.Ş.,XIST,TRY,equity,true,true,https://www.kap.org.tr/tr/bist-sirketler,2026-07-03
SERNT,SERNT.IS,SERANİT GRANİT SERAMİK SANAYİ VE TİCARET A.Ş.,XIST,TRY,equity,true,true,https://www.kap.org.tr/tr/bist-sirketler,2026-07-03
SEYKM,SEYKM.IS,SEYİTLER KİMYA SANAYİ A.Ş.,XIST,TRY,equity,true,true,https://www.kap.org.tr/tr/bist-sirketler,2026-07-03
SILVR,SILVR.IS,SİLVERLİNE ENDÜSTRİ VE TİCARET A.Ş.,XIST,TRY,equity,true,true,https://www.kap.org.tr/tr/bist-sirketler,2026-07-03
SISE,SISE.IS,TÜRKİYE ŞİŞE VE CAM FABRİKALARI A.Ş.,XIST,TRY,equity,true,true,https://www.kap.org.tr/tr/bist-sirketler,2026-07-03
SKBNK,SKBNK.IS,ŞEKERBANK T.A.Ş.,XIST,TRY,equity,true,true,https://www.kap.org.tr/tr/bist-sirketler,2026-07-03
SKTAS,SKTAS.IS,SÖKTAŞ TEKSTİL SANAYİ VE TİCARET A.Ş.,XIST,TRY,equity,true,true,https://www.kap.org.tr/tr/bist-sirketler,2026-07-03
SKYLP,SKYLP.IS,SKYALP FİNANSAL TEKNOLOJİLER VE DANIŞMANLIK A.Ş.,XIST,TRY,equity,true,true,https://www.kap.org.tr/tr/bist-sirketler,2026-07-03
SKYMD,SKYMD.IS,ŞEKER YATIRIM MENKUL DEĞERLER A.Ş.,XIST,TRY,equity,true,true,https://www.kap.org.tr/tr/bist-sirketler,2026-07-03
SMART,SMART.IS,SMARTİKS YAZILIM A.Ş.,XIST,TRY,equity,true,true,https://www.kap.org.tr/tr/bist-sirketler,2026-07-03
SMRFA,SMRFA.IS,SÜMER FAKTORİNG A.Ş.,XIST,TRY,equity,true,true,https://www.kap.org.tr/tr/bist-sirketler,2026-07-03
SMRTG,SMRTG.IS,SMART GÜNEŞ ENERJİSİ TEKNOLOJİLERİ ARAŞTIRMA GELİŞTİRME ÜRETİM SANAYİ VE TİCARET A.Ş.,XIST,TRY,equity,true,true,https://www.kap.org.tr/tr/bist-sirketler,2026-07-03
SMRVA,SMRVA.IS,SÜMER VARLIK YÖNETİM A.Ş.,XIST,TRY,equity,true,true,https://www.kap.org.tr/tr/bist-sirketler,2026-07-03
SNGYO,SNGYO.IS,SİNPAŞ GAYRİMENKUL YATIRIM ORTAKLIĞI A.Ş.,XIST,TRY,equity,true,true,https://www.kap.org.tr/tr/bist-sirketler,2026-07-03
SNICA,SNICA.IS,SANİCA ISI SANAYİ A.Ş.,XIST,TRY,equity,true,true,https://www.kap.org.tr/tr/bist-sirketler,2026-07-03
SNPAM,SNPAM.IS,SÖNMEZ PAMUKLU SANAYİİ A.Ş.,XIST,TRY,equity,true,true,https://www.kap.org.tr/tr/bist-sirketler,2026-07-03
SODSN,SODSN.IS,SODAŞ SODYUM SANAYİİ A.Ş.,XIST,TRY,equity,true,true,https://www.kap.org.tr/tr/bist-sirketler,2026-07-03
SOHOE,SOHOE.IS,SOHO GİYİM VE ENERJİ A.Ş.,XIST,TRY,equity,true,true,https://www.kap.org.tr/tr/bist-sirketler,2026-07-03
SOKE,SOKE.IS,SÖKE DEĞİRMENCİLİK SANAYİ VE TİCARET A.Ş.,XIST,TRY,equity,true,true,https://www.kap.org.tr/tr/bist-sirketler,2026-07-03
SOKM,SOKM.IS,ŞOK MARKETLER TİCARET A.Ş.,XIST,TRY,equity,true,true,https://www.kap.org.tr/tr/bist-sirketler,2026-07-03
SONME,SONME.IS,SÖNMEZ FİLAMENT SENTETİK İPLİK VE ELYAF SANAYİ A.Ş.,XIST,TRY,equity,true,true,https://www.kap.org.tr/tr/bist-sirketler,2026-07-03
SRVGY,SRVGY.IS,SERVET GAYRİMENKUL YATIRIM ORTAKLIĞI A.Ş.,XIST,TRY,equity,true,true,https://www.kap.org.tr/tr/bist-sirketler,2026-07-03
SUMAS,SUMAS.IS,SUMAŞ SUNİ TAHTA VE MOBİLYA SANAYİİ A.Ş.,XIST,TRY,equity,true,true,https://www.kap.org.tr/tr/bist-sirketler,2026-07-03
SUNTK,SUNTK.IS,SUN TEKSTİL SANAYİ VE TİCARET A.Ş.,XIST,TRY,equity,true,true,https://www.kap.org.tr/tr/bist-sirketler,2026-07-03
SURGY,SURGY.IS,SUR TATİL EVLERİ GAYRİMENKUL YATIRIM ORTAKLIĞI A.Ş.,XIST,TRY,equity,true,true,https://www.kap.org.tr/tr/bist-sirketler,2026-07-03
SUWEN,SUWEN.IS,SUWEN TEKSTİL SANAYİ PAZARLAMA A.Ş.,XIST,TRY,equity,true,true,https://www.kap.org.tr/tr/bist-sirketler,2026-07-03
SVGYO,SVGYO.IS,SAVUR GAYRİMENKUL YATIRIM ORTAKLIĞI A.Ş.,XIST,TRY,equity,true,true,https://www.kap.org.tr/tr/bist-sirketler,2026-07-03
TABGD,TABGD.IS,TAB GIDA SANAYİ VE TİCARET A.Ş.,XIST,TRY,equity,true,true,https://www.kap.org.tr/tr/bist-sirketler,2026-07-03
TAMFA,TAMFA.IS,TAM FİNANS FAKTORİNG A.Ş.,XIST,TRY,equity,true,true,https://www.kap.org.tr/tr/bist-sirketler,2026-07-03
TARKM,TARKM.IS,TARKİM BİTKİ KORUMA SANAYİ VE TİCARET A.Ş.,XIST,TRY,equity,true,true,https://www.kap.org.tr/tr/bist-sirketler,2026-07-03
TATEN,TATEN.IS,TATLIPINAR ENERJİ ÜRETİM A.Ş.,XIST,TRY,equity,true,true,https://www.kap.org.tr/tr/bist-sirketler,2026-07-03
TATGD,TATGD.IS,TAT GIDA SANAYİ A.Ş.,XIST,TRY,equity,true,true,https://www.kap.org.tr/tr/bist-sirketler,2026-07-03
TAVHL,TAVHL.IS,TAV HAVALİMANLARI HOLDİNG A.Ş.,XIST,TRY,equity,true,true,https://www.kap.org.tr/tr/bist-sirketler,2026-07-03
TBORG,TBORG.IS,TÜRK TUBORG BİRA VE MALT SANAYİİ A.Ş.,XIST,TRY,equity,true,true,https://www.kap.org.tr/tr/bist-sirketler,2026-07-03
TCELL,TCELL.IS,TURKCELL İLETİŞİM HİZMETLERİ A.Ş.,XIST,TRY,equity,true,true,https://www.kap.org.tr/tr/bist-sirketler,2026-07-03
TCKRC,TCKRC.IS,KIRAÇ GALVANİZ TELEKOMİNİKASYON METAL MAKİNE İNŞAAT ELEKTRİK SANAYİ VE TİCARET A.Ş.,XIST,TRY,equity,true,true,https://www.kap.org.tr/tr/bist-sirketler,2026-07-03
TCRYT,TCRYT.IS,TACİRLER YATIRIM MENKUL DEĞERLER A.Ş.,XIST,TRY,equity,true,true,https://www.kap.org.tr/tr/bist-sirketler,2026-07-03
TDGYO,TDGYO.IS,TREND GAYRİMENKUL YATIRIM ORTAKLIĞI A.Ş.,XIST,TRY,equity,true,true,https://www.kap.org.tr/tr/bist-sirketler,2026-07-03
TEBFA,TEBFA.IS,TEB FAKTORİNG A.Ş.,XIST,TRY,equity,true,true,https://www.kap.org.tr/tr/bist-sirketler,2026-07-03
TEHOL,TEHOL.IS,TERA YATIRIM TEKNOLOJİ HOLDİNG A.Ş.,XIST,TRY,equity,true,true,https://www.kap.org.tr/tr/bist-sirketler,2026-07-03
TEKTU,TEKTU.IS,TEK-ART İNŞAAT TİCARET TURİZM SANAYİ VE YATIRIMLAR A.Ş.,XIST,TRY,equity,true,true,https://www.kap.org.tr/tr/bist-sirketler,2026-07-03
TEVKS,TEVKS.IS,TERA VARLIK KİRALAMA A.Ş.,XIST,TRY,equity,true,true,https://www.kap.org.tr/tr/bist-sirketler,2026-07-03
TEZOL,TEZOL.IS,EUROPAP TEZOL KAĞIT SANAYİ VE TİCARET A.Ş.,XIST,TRY,equity,true,true,https://www.kap.org.tr/tr/bist-sirketler,2026-07-03
TFNVK,TFNVK.IS,TF VARLIK KİRALAMA A.Ş.,XIST,TRY,equity,true,true,https://www.kap.org.tr/tr/bist-sirketler,2026-07-03
TGSAS,TGSAS.IS,TGS DIŞ TİCARET A.Ş.,XIST,TRY,equity,true,true,https://www.kap.org.tr/tr/bist-sirketler,2026-07-03
THYAO,THYAO.IS,TÜRK HAVA YOLLARI A.O.,XIST,TRY,equity,true,true,https://www.kap.org.tr/tr/bist-sirketler,2026-07-03
TIMUR,TIMUR.IS,TİMUR GAYRİMENKUL GELİŞTİRME YAPI VE YATIRIM A.Ş.,XIST,TRY,equity,true,true,https://www.kap.org.tr/tr/bist-sirketler,2026-07-03
TKFEN,TKFEN.IS,TEKFEN HOLDİNG A.Ş.,XIST,TRY,equity,true,true,https://www.kap.org.tr/tr/bist-sirketler,2026-07-03
TKNSA,TKNSA.IS,TEKNOSA İÇ VE DIŞ TİCARET A.Ş.,XIST,TRY,equity,true,true,https://www.kap.org.tr/tr/bist-sirketler,2026-07-03
TLMAN,TLMAN.IS,TRABZON LİMAN İŞLETMECİLİĞİ A.Ş.,XIST,TRY,equity,true,true,https://www.kap.org.tr/tr/bist-sirketler,2026-07-03
TMPOL,TMPOL.IS,TEMAPOL POLİMER PLASTİK VE İNŞAAT SANAYİ TİCARET A.Ş.,XIST,TRY,equity,true,true,https://www.kap.org.tr/tr/bist-sirketler,2026-07-03
TMSN,TMSN.IS,TÜMOSAN MOTOR VE TRAKTÖR SANAYİ A.Ş.,XIST,TRY,equity,true,true,https://www.kap.org.tr/tr/bist-sirketler,2026-07-03
TNZTP,TNZTP.IS,TAPDİ OKSİJEN ÖZEL SAĞLIK VE EĞİTİM HİZMETLERİ SANAYİ TİCARET A.Ş.,XIST,TRY,equity,true,true,https://www.kap.org.tr/tr/bist-sirketler,2026-07-03
TOASO,TOASO.IS,TOFAŞ TÜRK OTOMOBİL FABRİKASI A.Ş.,XIST,TRY,equity,true,true,https://www.kap.org.tr/tr/bist-sirketler,2026-07-03
TRALT,TRALT.IS,TÜRK ALTIN İŞLETMELERİ A.Ş.,XIST,TRY,equity,true,true,https://www.kap.org.tr/tr/bist-sirketler,2026-07-03
TRBNK,TRBNK.IS,TERA YATIRIM BANKASI A.Ş.,XIST,TRY,equity,true,true,https://www.kap.org.tr/tr/bist-sirketler,2026-07-03
TRCAS,TRCAS.IS,TURCAS HOLDİNG A.Ş.,XIST,TRY,equity,true,true,https://www.kap.org.tr/tr/bist-sirketler,2026-07-03
TRENJ,TRENJ.IS,TR DOĞAL ENERJİ KAYNAKLARI ARAŞTIRMA VE ÜRETİM A.Ş.,XIST,TRY,equity,true,true,https://www.kap.org.tr/tr/bist-sirketler,2026-07-03
TRFFA,TRFFA.IS,TERA FİNANS FAKTORİNG A.Ş.,XIST,TRY,equity,true,true,https://www.kap.org.tr/tr/bist-sirketler,2026-07-03
TRGYO,TRGYO.IS,TORUNLAR GAYRİMENKUL YATIRIM ORTAKLIĞI A.Ş.,XIST,TRY,equity,true,true,https://www.kap.org.tr/tr/bist-sirketler,2026-07-03
TRHOL,TRHOL.IS,TERA FİNANSAL YATIRIMLAR HOLDİNG A.Ş.,XIST,TRY,equity,true,true,https://www.kap.org.tr/tr/bist-sirketler,2026-07-03
TRILC,TRILC.IS,TURK İLAÇ VE SERUM SANAYİ A.Ş.,XIST,TRY,equity,true,true,https://www.kap.org.tr/tr/bist-sirketler,2026-07-03
TRKFN,TRKFN.IS,TURK FİNANSMAN A.Ş.,XIST,TRY,equity,true,true,https://www.kap.org.tr/tr/bist-sirketler,2026-07-03
TRKNT,TRKNT.IS,TURKNET İLETİŞİM HİZMETLERİ A.Ş.,XIST,TRY,equity,true,true,https://www.kap.org.tr/tr/bist-sirketler,2026-07-03
TRMET,TRMET.IS,TR ANADOLU METAL MADENCİLİK İŞLETMELERİ A.Ş.,XIST,TRY,equity,true,true,https://www.kap.org.tr/tr/bist-sirketler,2026-07-03
TRYKI,TRYKI.IS,TİRYAKİ AGRO GIDA SANAYİ VE TİCARET A.Ş.,XIST,TRY,equity,true,true,https://www.kap.org.tr/tr/bist-sirketler,2026-07-03
TSGYO,TSGYO.IS,TSKB GAYRİMENKUL YATIRIM ORTAKLIĞI A.Ş.,XIST,TRY,equity,true,true,https://www.kap.org.tr/tr/bist-sirketler,2026-07-03
TSKB,TSKB.IS,TÜRKİYE SINAİ KALKINMA BANKASI A.Ş.,XIST,TRY,equity,true,true,https://www.kap.org.tr/tr/bist-sirketler,2026-07-03
TSPOR,TSPOR.IS,TRABZONSPOR SPORTİF YATIRIM VE FUTBOL İŞLETMECİLİĞİ TİCARET A.Ş.,XIST,TRY,equity,true,true,https://www.kap.org.tr/tr/bist-sirketler,2026-07-03
TTKOM,TTKOM.IS,TÜRK TELEKOMÜNİKASYON A.Ş.,XIST,TRY,equity,true,true,https://www.kap.org.tr/tr/bist-sirketler,2026-07-03
TTRAK,TTRAK.IS,TÜRK TRAKTÖR VE ZİRAAT MAKİNELERİ A.Ş.,XIST,TRY,equity,true,true,https://www.kap.org.tr/tr/bist-sirketler,2026-07-03
TUCLK,TUCLK.IS,TUĞÇELİK ALÜMİNYUM VE METAL MAMÜLLERİ SANAYİ VE TİCARET A.Ş.,XIST,TRY,equity,true,true,https://www.kap.org.tr/tr/bist-sirketler,2026-07-03
TUKAS,TUKAS.IS,TUKAŞ GIDA SANAYİ VE TİCARET A.Ş.,XIST,TRY,equity,true,true,https://www.kap.org.tr/tr/bist-sirketler,2026-07-03
TUPRS,TUPRS.IS,TÜPRAŞ-TÜRKİYE PETROL RAFİNERİLERİ A.Ş.,XIST,TRY,equity,true,true,https://www.kap.org.tr/tr/bist-sirketler,2026-07-03
TUREX,TUREX.IS,TUREKS TURİZM TAŞIMACILIK A.Ş.,XIST,TRY,equity,true,true,https://www.kap.org.tr/tr/bist-sirketler,2026-07-03
TURGG,TURGG.IS,TÜRKER PROJE GAYRİMENKUL VE YATIRIM GELİŞTİRME A.Ş.,XIST,TRY,equity,true,true,https://www.kap.org.tr/tr/bist-sirketler,2026-07-03
TURSG,TURSG.IS,TÜRKİYE SİGORTA A.Ş.,XIST,TRY,equity,true,true,https://www.kap.org.tr/tr/bist-sirketler,2026-07-03
TV8TV,TV8TV.IS,TV8 TV YAYINCILIK A.Ş.,XIST,TRY,equity,true,true,https://www.kap.org.tr/tr/bist-sirketler,2026-07-03
UCAYM,UCAYM.IS,ÜÇAY MÜHENDİSLİK ENERJİ VE İKLİMLENDİRME TEKNOLOJİLERİ A.Ş.,XIST,TRY,equity,true,true,https://www.kap.org.tr/tr/bist-sirketler,2026-07-03
UFUK,UFUK.IS,UFUK YATIRIM YÖNETİM VE GAYRİMENKUL A.Ş.,XIST,TRY,equity,true,true,https://www.kap.org.tr/tr/bist-sirketler,2026-07-03
ULAS,ULAS.IS,ULAŞLAR TURİZM ENERJİ TARIM GIDA VE İNŞAAT YATIRIMLARI A.Ş.,XIST,TRY,equity,true,true,https://www.kap.org.tr/tr/bist-sirketler,2026-07-03
ULKER,ULKER.IS,ÜLKER BİSKÜVİ SANAYİ A.Ş.,XIST,TRY,equity,true,true,https://www.kap.org.tr/tr/bist-sirketler,2026-07-03
ULUFA,ULUFA.IS,ULUSAL FAKTORİNG A.Ş.,XIST,TRY,equity,true,true,https://www.kap.org.tr/tr/bist-sirketler,2026-07-03
ULUSE,ULUSE.IS,ULUSOY ELEKTRİK İMALAT TAAHHÜT VE TİCARET A.Ş.,XIST,TRY,equity,true,true,https://www.kap.org.tr/tr/bist-sirketler,2026-07-03
ULUUN,ULUUN.IS,ULUSOY UN SANAYİ VE TİCARET A.Ş.,XIST,TRY,equity,true,true,https://www.kap.org.tr/tr/bist-sirketler,2026-07-03
UMPAS,UMPAS.IS,UMPAŞ HOLDİNG A.Ş.,XIST,TRY,equity,true,true,https://www.kap.org.tr/tr/bist-sirketler,2026-07-03
UNLU,UNLU.IS,ÜNLÜ YATIRIM HOLDİNG A.Ş.,XIST,TRY,equity,true,true,https://www.kap.org.tr/tr/bist-sirketler,2026-07-03
USAK,USAK.IS,UŞAK SERAMİK SANAYİ A.Ş.,XIST,TRY,equity,true,true,https://www.kap.org.tr/tr/bist-sirketler,2026-07-03
VAKBN,VAKBN.IS,TÜRKİYE VAKIFLAR BANKASI T.A.O.,XIST,TRY,equity,true,true,https://www.kap.org.tr/tr/bist-sirketler,2026-07-03
VAKFA,VAKFA.IS,VAKIF FAKTORİNG A.Ş.,XIST,TRY,equity,true,true,https://www.kap.org.tr/tr/bist-sirketler,2026-07-03
VAKFN,VAKFN.IS,VAKIF FİNANSAL KİRALAMA A.Ş.,XIST,TRY,equity,true,true,https://www.kap.org.tr/tr/bist-sirketler,2026-07-03
VAKKO,VAKKO.IS,VAKKO TEKSTİL VE HAZIR GİYİM SANAYİ İŞLETMELERİ A.Ş.,XIST,TRY,equity,true,true,https://www.kap.org.tr/tr/bist-sirketler,2026-07-03
VAKVK,VAKVK.IS,VAKIF VARLIK KİRALAMA A.Ş.,XIST,TRY,equity,true,true,https://www.kap.org.tr/tr/bist-sirketler,2026-07-03
VANGD,VANGD.IS,VANET GIDA SANAYİ İÇ VE DIŞ TİCARET A.Ş.,XIST,TRY,equity,true,true,https://www.kap.org.tr/tr/bist-sirketler,2026-07-03
VBTYZ,VBTYZ.IS,VBT YAZILIM A.Ş.,XIST,TRY,equity,true,true,https://www.kap.org.tr/tr/bist-sirketler,2026-07-03
VDFAS,VDFAS.IS,VOLKSWAGEN DOĞUŞ FİNANSMAN A.Ş.,XIST,TRY,equity,true,true,https://www.kap.org.tr/tr/bist-sirketler,2026-07-03
VDFLO,VDFLO.IS,VDF FİLO KİRALAMA A.Ş.,XIST,TRY,equity,true,true,https://www.kap.org.tr/tr/bist-sirketler,2026-07-03
VERTU,VERTU.IS,VERUSATURK GİRİŞİM SERMAYESİ YATIRIM ORTAKLIĞI A.Ş.,XIST,TRY,equity,true,true,https://www.kap.org.tr/tr/bist-sirketler,2026-07-03
VERUS,VERUS.IS,VERUSA HOLDİNG A.Ş.,XIST,TRY,equity,true,true,https://www.kap.org.tr/tr/bist-sirketler,2026-07-03
VESBE,VESBE.IS,VESTEL BEYAZ EŞYA SANAYİ VE TİCARET A.Ş.,XIST,TRY,equity,true,true,https://www.kap.org.tr/tr/bist-sirketler,2026-07-03
VESTL,VESTL.IS,VESTEL ELEKTRONİK SANAYİ VE TİCARET A.Ş.,XIST,TRY,equity,true,true,https://www.kap.org.tr/tr/bist-sirketler,2026-07-03
VKFYO,VKFYO.IS,VAKIF MENKUL KIYMET YATIRIM ORTAKLIĞI A.Ş.,XIST,TRY,equity,true,true,https://www.kap.org.tr/tr/bist-sirketler,2026-07-03
VKGYO,VKGYO.IS,VAKIF GAYRİMENKUL YATIRIM ORTAKLIĞI A.Ş.,XIST,TRY,equity,true,true,https://www.kap.org.tr/tr/bist-sirketler,2026-07-03
VKING,VKING.IS,VİKİNG KAĞIT VE SELÜLOZ A.Ş.,XIST,TRY,equity,true,true,https://www.kap.org.tr/tr/bist-sirketler,2026-07-03
VRGYO,VRGYO.IS,VERA KONSEPT GAYRİMENKUL YATIRIM ORTAKLIĞI A.Ş.,XIST,TRY,equity,true,true,https://www.kap.org.tr/tr/bist-sirketler,2026-07-03
VSNMD,VSNMD.IS,VİŞNE MADENCİLİK ÜRETİM SANAYİ VE TİCARET A.Ş.,XIST,TRY,equity,true,true,https://www.kap.org.tr/tr/bist-sirketler,2026-07-03
YAPRK,YAPRK.IS,YAPRAK SÜT VE BESİ ÇİFTLİKLERİ SANAYİ VE TİCARET A.Ş.,XIST,TRY,equity,true,true,https://www.kap.org.tr/tr/bist-sirketler,2026-07-03
YATAS,YATAS.IS,YATAŞ YATAK VE YORGAN SANAYİ TİCARET A.Ş.,XIST,TRY,equity,true,true,https://www.kap.org.tr/tr/bist-sirketler,2026-07-03
YATVK,YATVK.IS,YATIRIM VARLIK KİRALAMA A.Ş.,XIST,TRY,equity,true,true,https://www.kap.org.tr/tr/bist-sirketler,2026-07-03
YAYLA,YAYLA.IS,YAYLA ENERJİ ÜRETİM TURİZM VE İNŞAAT TİCARET A.Ş.,XIST,TRY,equity,true,true,https://www.kap.org.tr/tr/bist-sirketler,2026-07-03
YBTAS,YBTAS.IS,YİBİTAŞ YOZGAT İŞÇİ BİRLİĞİ İNŞAAT MALZEMELERİ TİCARET VE SANAYİ A.Ş.,XIST,TRY,equity,true,true,https://www.kap.org.tr/tr/bist-sirketler,2026-07-03
YEOTK,YEOTK.IS,YEO TEKNOLOJİ ENERJİ VE ENDÜSTRİ A.Ş.,XIST,TRY,equity,true,true,https://www.kap.org.tr/tr/bist-sirketler,2026-07-03
YESIL,YESIL.IS,YEŞİL YATIRIM HOLDİNG A.Ş.,XIST,TRY,equity,true,true,https://www.kap.org.tr/tr/bist-sirketler,2026-07-03
YGGYO,YGGYO.IS,YENİ GİMAT GAYRİMENKUL YATIRIM ORTAKLIĞI A.Ş.,XIST,TRY,equity,true,true,https://www.kap.org.tr/tr/bist-sirketler,2026-07-03
YIGIT,YIGIT.IS,YİĞİT AKÜ MALZEMELERİ NAKLİYAT TURİZM İNŞAAT SANAYİ VE TİCARET A.Ş.,XIST,TRY,equity,true,true,https://www.kap.org.tr/tr/bist-sirketler,2026-07-03
YKBNK,YKBNK.IS,YAPI VE KREDİ BANKASI A.Ş.,XIST,TRY,equity,true,true,https://www.kap.org.tr/tr/bist-sirketler,2026-07-03
YKFIN,YKFIN.IS,YAPI KREDİ FİNANSAL KİRALAMA A.O.,XIST,TRY,equity,true,true,https://www.kap.org.tr/tr/bist-sirketler,2026-07-03
YKFKT,YKFKT.IS,YAPI KREDİ FAKTORİNG A.Ş.,XIST,TRY,equity,true,true,https://www.kap.org.tr/tr/bist-sirketler,2026-07-03
YKSLN,YKSLN.IS,YÜKSELEN ÇELİK A.Ş.,XIST,TRY,equity,true,true,https://www.kap.org.tr/tr/bist-sirketler,2026-07-03
YKYAT,YKYAT.IS,YAPI KREDİ YATIRIM MENKUL DEĞERLER A.Ş.,XIST,TRY,equity,true,true,https://www.kap.org.tr/tr/bist-sirketler,2026-07-03
YONGA,YONGA.IS,YONGA MOBİLYA SANAYİ VE TİCARET A.Ş.,XIST,TRY,equity,true,true,https://www.kap.org.tr/tr/bist-sirketler,2026-07-03
YUNSA,YUNSA.IS,YÜNSA YÜNLÜ SANAYİ VE TİCARET A.Ş.,XIST,TRY,equity,true,true,https://www.kap.org.tr/tr/bist-sirketler,2026-07-03
YYAPI,YYAPI.IS,YEŞİL YAPI ENDÜSTRİSİ A.Ş.,XIST,TRY,equity,true,true,https://www.kap.org.tr/tr/bist-sirketler,2026-07-03
YYLGD,YYLGD.IS,YAYLA AGRO GIDA SANAYİ VE TİCARET A.Ş.,XIST,TRY,equity,true,true,https://www.kap.org.tr/tr/bist-sirketler,2026-07-03
ZEDUR,ZEDUR.IS,ZEDUR ENERJİ ELEKTRİK ÜRETİM A.Ş.,XIST,TRY,equity,true,true,https://www.kap.org.tr/tr/bist-sirketler,2026-07-03
ZERGY,ZERGY.IS,ZERAY GAYRİMENKUL YATIRIM ORTAKLIĞI A.Ş.,XIST,TRY,equity,true,true,https://www.kap.org.tr/tr/bist-sirketler,2026-07-03
ZGYO,ZGYO.IS,Z GAYRİMENKUL YATIRIM ORTAKLIĞI A.Ş.,XIST,TRY,equity,true,true,https://www.kap.org.tr/tr/bist-sirketler,2026-07-03
ZKBVK,ZKBVK.IS,ZİRAAT KATILIM VARLIK KİRALAMA A.Ş.,XIST,TRY,equity,true,true,https://www.kap.org.tr/tr/bist-sirketler,2026-07-03
ZKBVR,ZKBVR.IS,ZKB VARLIK KİRALAMA A.Ş.,XIST,TRY,equity,true,true,https://www.kap.org.tr/tr/bist-sirketler,2026-07-03
ZOREN,ZOREN.IS,ZORLU ENERJİ ELEKTRİK ÜRETİM A.Ş.,XIST,TRY,equity,true,true,https://www.kap.org.tr/tr/bist-sirketler,2026-07-03
ZRGYO,ZRGYO.IS,ZİRAAT GAYRİMENKUL YATIRIM ORTAKLIĞI A.Ş.,XIST,TRY,equity,true,true,https://www.kap.org.tr/tr/bist-sirketler,2026-07-03
